word,definition,derived_from,type
-a I,"""my"" (1 sg. pron. suff.)",cf. -ī I,suff
-am I,"""to me"" (1 sg. dat. suff.) 2. vent. affix (cf. GAG p.251); cf. -nim",,aff
-iš I,"""to; like"" term.-adv. suffix on subst.s and adj.s; cf. GAG §67",,suff
-ka I,"""you"" (2 m. sg. acc. suff.) (cf. GAG p.258b)",,suff
-ki I,"""you"" (2 f. sg. acc. suff.) (cf. GAG §42g-k)",,suff
-kim I,"""to you"" (2 f. sg. dat. suff.) (cf. GAG §42g-h)",,suff
-kin I,"""your"" (2 f. pl. gen. suff.) (cf. GAG §42g-k)",,suff
-kināti I,"""you"" (2 f. pl. acc. suff.) Bab. (cf. GAG §42g-k); OA dat.",,suff
-kināši I,"""to you"" (2 f. pl. dat. suff.) (cf. GAG §42g-k); jB also acc.",,suff
-ku I,"""to you"" (2 m. sg. dat. suff.)",,suff
-kuni I,"""your"" (2 m. du. gen. suff.) OAkk",,suff
-kunu I,"before -ni, NB after n or m also -gunu  1. ""your"" (2 m. pl. gen. suff.)2. Ass. also ""(to) you"" (2 m. pl. acc., dat. suff.)",,suff
-kunūti I,"""you"" (2 m. pl. acc. suff.) O/jB; OA dat.",,suff
-kunūši I,"also -gunūšu ""to you"" (2 m. pl. dat. suff.) Bab.; M/NB also acc.",,suff
-man I,"suff. indicating unreality after stressed word O/jB, esp. in condit. clauses (cf. GAG §§152d, 170h); OA cf. -min",cf. lāman I lūman I šummaman I ulāman I ullāman I,suff
-mi I,suff. in citation of dir. speech (cf. GAG §123c),,suff
-māku I,"suff. indicating unreality or potentiality Am., Bogh., occas. jB;",Hurr.? ,suff
-na I,"1. OAkk, OB subjunct. suff. GAG §83c2. OB in prohibition after lā",,suff
-ni I,Ass. subjunct. suff.,,suff
-ni II,"""me"" (1 sg. acc. pron. suff.)",,suff
-ni III,"""our"" (1 pl. gen. suff.)",cf. --nīni I,suff
-nim I,"after pl. forms  1. ""to me"" (1 pl. dat. suff.)2. vent. affix; -nim-ni > Bab -ninni, Ass. -nenni",cf. -am I,aff
-niāti I,"""us"" (1 pl. acc. suff.); OA also dat.",,suff
-niāšim I,"""to, for us"" (1 pl. dat. suff.)",,suff
-nâšin I,"""us"" (1 pl. acc. suff.) MA, MB, Bogh.",cf. -niāti I,suff
-nīni I,"""our"" (1 pl. gen. suff.) NB for -ni III",,suff
-u I,loc.-adv. suffix cf. GAG §66,,suff
-ya I,"""my"" (1 sg. pron. suff.) (cf. GAG §42g-k)",cf. -ī I,suff
-ā I,"""my"" (1 sg. pron. suff.) NB for -ī (cf. GAG §42j-k1)",,suff
-ī I,"""my"" (1 sg. pron. suff.) (cf. GAG p.256)",cf. -a I -ā I -ya I,suff
-ša I,"""her"" (3 f. sg. pron. suff. after subst.)",,suff
-ši I,"""her"" (3 f. sg. acc. suff.) (cf. GAG §42g-k)",,suff
-šu I,"1. ""his"" (3 m. sg. gen. suff.); in multiplicatives ""times"" cf. e.g. šinīšu; NA ša X-šu ""the X-man"" cf. e.g. šizbu2. ""him"" (3 m. sg. acc. suff.) (cf. GAG §42g-k)",,suff
-šum I,"""to him"" (3 m. sg. dat. suff.), usu. after vent. (cf. GAG §§42g-k, 84b)",,suff
-šunūti I,"1. ""them"" (3 m. pl. acc. suff.)2. ""to them"" (3 m. pl. dat. suff.)",,suff
-šunūši I,"""to them"" (3 m. pl. dat. suff.)",,suff
abu I,"""father"" (st. constr. abi, occas. abu, ab; nom. with pron. suff. abī, M/NB, NA also abū(y)a; abūšu etc.; pl. abbū, O/MA abbā'ū, MB(Alal.), Am. abbūtu) [AD]  1. ""(natural) father""; rarely pl. abbū ""parents""2. ""ancestor, forefather"" often in roy. inscr.3. ab(i) abi(m), OB lex. ababim ""grandfather""4. jB abi muti ""father-inlaw"" of wife5. transf. ""father"" of gods, humans; ""(one acting as) father""; OA ""principal, boss"" of a firm; ""expert"" craftsman6. compounds: a. Amurrim (cf. amurru 3); a. ašlim (cf. ašlu 3); Mari abu bītim ""household head, superintendent""; abi ṣābim (an official); abu PlN ""(tribal) chief of PlN""; OAkk a. ālim ""father of the city""7. in O/MA month Ab(u) šarrāni ""Father of the kings""?8. in PN, of people, gods9. interj. ""father!"" ~ ""think of that; oh dear!""10. (part of the seed plough) jB lex.11. OA transf. ""down-payment'",abbūtu I,suff
adi I,"""until, as far as"" [EN]  1. prep. of time ""till"", ""within"", ""during, in the course of"", also adi/u libbi; ad(i) mati; adi inanna; ad(i/un)akanni, adikanna ""until now"" (cf. akanna II); of space ""up to, as far as"", also adi mahar; of amount of silver, degree of hunger; adi ulla ""for ever"" (cf. ulla II); adi šāri ""for all time; everywhere"" (cf. šār); ""including, together with"" M/NB, NA for qadum; before numerals ""times, multiplied by"" [A.RÁ], adi šalāšīšu ""three times"" (cf. GAG §71a; OA cf. ana I 15); OA ""concerning, on the subject of""; OAkk adi danniš ""very much""; jB adi surriš ""instantly""2. conj. (cf. GAG §§116c, 173a-g) with pres. ""until""; Mari ""as soon as""; MA ""while""; NB kī adi in oath cf. kī 4; with pret. ""until; not before, as soon as""; OA ""concerning the fact that""; with stat. ""as long as, while""3. adi lā prep. ""before, in advance of""; conj. with pres. or pret. ""before; as long as ... not""4. adi muhhi NB, occas. NA for adi, prep. of time, space; conj.; mostly adi muhhi ša with pres. or perf.5. adu/i bīt NA for adi, as conj. with pres. ""until"", with lā ""before""6. Am., Bogh. adv. ~ ""indeed, truly""7. with pron. suff. only in cf. adīni, adīšu",,suff
ahu I,"""brother"" (st. constr. ahi, OA ahu/ū; nom. with pron. suff. ahūni/ka; ahī, ahūa ""my brother"", M/NB ahūya; acc. ahāka; st. abs. ah OAkk, OA in PN; du. ahā OB; pl. ahhū, W.Sem. ahāte, OB after numerals ahānu; st. constr. ahhī OB all cases; with pron. suff. ahhūka) [ŠEŠ; OB also ŠEŠ.A.NI; PAP in later PNs, NA]  1. ""(natural) brother""; a. rabû/ṣehru ""older/younger brother""; a. abim ""father's brother, uncle""2. transf. (address for people of equal rank); ""colleague""; ""fellow tribesman""; a. rabû ""deputy teacher""3.  aham ""one another, mutually"", also a. ana a., a. mala a., a. kīma a.",ahhūtu I ahātu I etc. ahāta I ahāmiš Iahā'iš Iahîš Iahmaham Iahmāmu I ahû II cf. athû I,suff
allânu I,"adv. ""from there"" OA, also allânumma; as prep. + subst. or, also NB, pron. suff. ""beyond, over and above, apart from"";",allû I + -ānumcf. alla I ellān I ?,suff
alāku I,"""to go"" G (illak, illik; perf. ittalak (cf. GAG §97n)) [DU] 1. of person, animal; + vent. ""come"", jB imper. alka ""well, now then!""; + ana ""go to"" somewhere, + dat. pron. suff. ""to"" s.o.; ""move along, walk""; ana šīmti/šīmāti a. ""go to o.'s destiny, die""; OB a. epēšum ""travel""; MA (of horses) ""trot""?; warki/ana pī ... a. ""follow, serve"" s.o.; cf. dinānu; as ptcp. ālik mahri 'who walks in front' = ""predecessor"" [IGI.DU]; ālik pānim 'who walks before' = ""leader, predecessor"" (cf. ālik-pānûtu); ālik arki ""successor""2. of letters, tablets etc. ""arrive""; of military campaign, vehicles, celestial bodies ""move""; of wind ""blow""; of rain ""fall""; of incense, radiance ""spread""; of skin, flesh etc. ""flake off""; of liquids ""flow""; of time ""pass""3. with internal objects: + idu ""go at s.o.'s side"" = ""come to s.o.'s aid""; ""go on, along"" a way, path, road, ""pass through"" the desert; šiddam pūtam a. 'go length and width' of an area = ""survey"" a field4. ilka a. ""perform (military) service""; dikûtu a. ""report for call-up""; NB našpartu a. ""fulfil an order, manage/run a business""5. with abstr. noun ending in -ūtu and before adv. ""become""6. misc.: of price ""be current, in force"", of commodity ""be worth, fetch""; of interest ""accumulate""; of (ominous) signs ""appear""; ""be appropriate, possible, available""; of greed ""aim at"" silver; ana pānīšu/ša a. ""advance, grow larger""; NB math. X GAM/A.RÁ/ana Y a. ""multiply X by Y""7. NA with ellipsis of qabā'u freq. before dir. speechGtn [DU.DU] ""go, come repeatedly; roam about, wander"", muttallik mūši [LÚ.GE6.A.DU.DU; (LÚ.)GE6.DU.DU] 'who walks around during the night' = ""night-watchman""; OB of leg muscles ""twitch persistently"" Gt ""go off, away"" (cf. GAG §92e) differentiation between pret. of Gt and perf. of G difficult Š caus. of G [DU] with abstr. noun ending in -ūtu or adv. ""make s.o./s.th. (become)"" s.th.; stat. ""is appropriate, suitable"" [TÚM.MA]",alaktu Ialkakātu Iilkakātu I ilku Ialku I āliku Iāliktu Iālikūtu Iālikānu Iālik-pānûtu I allaku Iallāku I mālaku I muttalliku I muttalliktu I šūluku I tāluku I tallaktu Itallakku I,suff
amāru I,"""to see"" G (a/u) [IGI; IGI.DU8] 1. ""see"" s.th., s.o.; ""dream"" a dream; ""look at; inspect, examine""; ""read"" tablet etc.; pān X a. ""see face of X"", ""see X in person"", NA/NB ""get audience""; OAkk, Ass. ēn(ē) X a. ""visit X""; ""experience, get to know""; ""examine, inspect, keep an eye on""; ""look after, look with favour on"" persons; ""be shown"" brotherhood, patronage; ""suffer"" punishment, loss; ""see"", i.e. ""make, profit""; ina qāti(m) a. ""learn from s.o.""2. ingress. ""see, catch sight of""; ""find"", ""locate, discover, trace (out)""; ""establish"" the results of a calculation3. act. stat. ""recognizes; comes to know""; NB/NA ina/ana muhhi X a. ""is devoted to X"", NB also ""is keen on"" s.th.R Mari Gtn iter. of G; Mari stat. ""has learnt thoroughly"" Gt jB ""see from now on""?, mng. uncl. D rare; OA ""examine"" metal; cf. mummertu Š caus. of G Št ""make s.o. meet"" s.o. N pass. of G [IGI; IGI.LÁ] 1. of animals, tablets etc. ""be seen"" , of heavenly bodies ""become visible, appear""; ""be found""; ""be checked, inspected""2. recipr. ""meet with (= itti), happen upon"" s.o.; astr., of heavenly bodies ""be opposite""Ntn iter. of N 1",amāriš I amru I amertu Iamertu II āmeru Iāmertu Iāmerānu I ammāru I atmartu I ? imru I mummertu I nāmaru Ināmartu I nāmurtu I tāmartu I nanmurtu I cf. kallâmāre I,suff
annāma I,"OA, O/jB ""there; thus, in this way""; jB, NA ~ ""in the same way""; OB lex. + pron. suff. annāmašu ""there he is"";",anna I + -ma,suff
anāhu I,"""to be(come) tired"" G (a/a) stat. ""becomes tired"", ""makes an effort, strives""; of buildings etc. ""become dilapidated"" Gtn iter. of G jB med., of limbs, person D OA ""tire (s.o.), oppress"" Š Bab. ""trouble, exert, strain"" s.o.; stat. ""is very wearied"" Št ""make an effort"", ""weary o.s., be depressed""; astr. ""endure"" N OB ""become tired"", ""struggle, suffer hardship, be exhausted""",anhu I anīhu I anhūtu I inhu I mānahu I mānahtu I šūnuhu Išūnuhiš I tānēhu Itānēhtu I tānuhiš I,suff
anāku I,"""I; me"" [Bogh. GÁ.E] as pred. freq. anākuma; OB ša anāku ""as for me""; NB also acc. (to stress a pron. suff.), dat.",cf. ana II anuki I,suff
arkat I,"""after"" Bab., OA  1. prep. ""behind; after"" s.o.('s departure), a date; freq. + poss. suff., e.g. warkatka; also ina w.2. OB conj. + subjunct. ""after""3. jB adv. ana a. ""backwards""",warkatu I st. constr.,suff
arki I,"""after, behind"" [EGIR]  1. prep. of place and time, freq. + poss. suff. e.g. warkišu ""behind him; after him, after his departure, death; later, thereafter""; OB arki alpī ""oxdriver""2. Bab. conj. ""after"" + subjunct.",arkīši I cf. arkīnišu I warka I warkatu I,suff
arnu I,"""guilt, fault; penalty"" [NAM.TAG.GA]  1. (secular) ""fault"", (religious) ""sin""; a. paṭāru, a. pašāru ""to undo, forgive sins""; bēl a., ša a. ""culprit, sinner""; Am. awīl a. ""evil-doer""2. ""penalty, punishment"", a. emēdu/našû ""to impose/suffer punishment""; OA ana a. n/tadānum ""to subject s.o. to punishment""3. Mari a. turrum ""transfer responsibility"" onto s.o.",arānu II,suff
arāru III,"""to be convulsed"" Bab. G (u/u, pres. also i'arru/ar) [UR4] of human beings, demons, animals, earth(quake) ""tremble, shake"", lit. ""suffer cramp, be convulsed""?; med., of parts of body (freq. harāru, different word ?); of sea, rivers ""be rough, muddy"" Gtn iter. D ~ ""stir up, frighten""; om., med. in stat. of parts of body ""suffers cramp, convulses"" Dt ~ ""be stirred up, convulsed"" N ingress. ""begin to convulse""? Ntn iter. of N and G [UR4.UR4]  3 ariru Iarurtu Itārūru I ?the verbs erēru and harāru I cannot yet be differentiated in every casecf. also tarāru I",3 ariru I arurtu I tārūru I ? the verbs arāru IIIerēru and harāru I cannot yet be differentiated in every case cf. also tarāru I,suff
attū- I,"also uttū- ""belonging to"" with poss. pron. suff. M/NB, Am., Nuzi, Bogh., Ug.; Elamtu attūka ""Elam is yours""; ayyūtu attūa ""which ones are mine?""",,suff
balu I,"with pron. suff. balū/ī- ""without"" [NU.ME(.A)]; also ina b.; esp. ""without (permission/knowledge of)"" s.o.; O/jB also conj. + subjunct. ""without ...ing, without having ...ed"";",bālu I balūt I cf. balātu I bilânu I,suff
balātu I,"""without"" OA; also balātu- with pron. suff. OA, NA;",balāta I cf. balu I,suff
battubattu I,"""all round, on all sides of"" M/NA, as prep. + subst./pron. suff.; ina/issu/ša b.; also du. ina battubattēn ""on both sides of"" MA;",battu I,suff
binna I,"""give!"" (imper.) j/NB usu. vent. binnam(ma); f. (i)binnī, (i)binnimma; also + dat. pron. suff., e.g. nnâši ""give us!""",,suff
biri- I,"""among, between"" Bab. [DAL.BA.(AN.)NA] with pron. suff., after ina or ša; occas. after st. constr.: OB kasap birīni ""our shared silver""; j/NB also after ana, ultu; loc.-adv. (ina) biru(m)- OB(Susa), occas. M/jB; spatially ""between"", ""(from) among""; of bilateral relations ""between"", MB māmīt birīni ""our mutual oath""; Ug. (ina) beri X u (ina) beri Y ""between X and Y""; jB(Ass.) as adv. ina beri ""in between"";",barû Ibirītu I birâ I birūyu I OA cf. bari I,suff
buppānī- I,"""face down, flat on the face"" O/jB with pron. suff.; b.- ṣalālu/sahāpu/maqātu ""to lie/be prostrate/fall on o.'s face""; of bowl ina b.-ša ""upside down""?;",būnu II + pānu I pl.buppāniš I,suff
bâ'u I,"""to go along"" Bab., OA G (ā) [DIB] 1. with acc. ""walk along, across"" road, street, field, sky2. ""pass, overtake, defeat"" s.o.3. MB(Ass.) ""enter"" into (= ana)4. O/jB occas. with dat. pron. suff. ""come near, up to s.o.""?; OA imper. (bā'am, bā'ānim) before imper. or cohort. ""come on; now then!""Gtn ""pass repeatedly"" Š caus. ""move along, past"", rit. a censer, torch; ""cause"" water, flood ""to flow over"" s.th., s.o., ""make"" evil signs ""pass by""",,suff
bīšu II,"""possessions, property"" O/jB (st. constr. biši, OB also bīš; acc. with pron. suff. bīšašu);",bašû I,suff
elat I,"""beyond, over and above"" NB ""in addition to, apart from"" (prep.); with pron. suff., ša; also adv. ""additionally"";",ela I,suff
ellāmu- I,"""before"" (prep.) jB; OB in PN ?; with pron. suff. ""before"" s.o., in time; ""in front of"", in place;",ina I + lāmu,suff
elēnu I,"""above, over"" Bab. [AN.TA(- ); UGU- ]  1. adv. ""above"", topog., in sky; ""above (ground)""; after prep. ana, adi, ištu e. ""upwards, upstream"", ""up to the top"", ""from above""; elēnumma ""in addition""2. prep. (with pron. suff., e.g. elēnuššu; M/NB often elēn, elān) ""above, over""; Nuzi also = ""to east of""; ""upstream of""; OB ""besides, apart from"", Am. ""more than""; elān ūri ""pudenda""",el I + -ānumelēnû I elēnītu Ielēnītu II,suff
emēqu I,"""to be wise"" OAkk, Bab. G stat. (emuq) of deity, person Št ""pray devoutly"" to (= ana), for (= dat. pron. suff.)",emqu Iemqiš Iemqūtu Iemuqtu I nēmequ I ummuqu Itēmīqu I muštēmiqu I cf. emūqu I,suff
erbe I,"f. erbēt, Ass. arbēt; nom. erbû(m); f. erbettu(m) ""four"", esp. erb-ūmi, erbē ūmi, erbet(ti) ūmu ""four days""; NA rabbi urhi ""four months""; OB erbinammatim ""four cubits"" (cf. ammatu I); kibrāt erbêm/erbetti(m) [LÍMMU(.BA)] ""the four edges (of the world)"" (cf. arba'u); šārī erbetti ""the four winds""; sūqī erbetti ""four-ways, crossroads""; with pron. suff. erbettašu(nu) [LÍMMU.BI/BA]; divide ana erbēt ""into four""; epin erbēt ""four(-ox) plough"";",erbâ I erbettu Ierbettītu Ierbēnētu I erbêšu Ierbēšerīšu Ierbēšerû I rebû I etc. šurbu'ītu I,suff
eriššī- I,"""in nakedness"" OA, O/jB with pron. suff. e. alāku(m) ""to go naked"", ""in destitution"";",erium I (cf. GAG §67f)ereššānu I eriššuttu I cf. mēreššû I,suff
gabbu I,"""the totality, all (of)"" M/NA, M/NB (OB(Ešn.) qabbum ?) [DÙ] (absol.) ""all, everything""; (in appos., after subst.) gabbu/a/i; (before pron. suff.) MB gabbašunu (acc.), otherwise gabbi- (all cases); (st. constr. before gen.) usu. gabbi; NB f. (in appos.) gabbutu",,suff
gergiššu I,"1. ""strawberry tree"" jB lex.2. (a red skin complaint)"" O/jB; ša g. ""sufferer from g.""",cf. qerqišu I,suff
gimru I,"""totality; costs, expenses"" Bab., M/NA  1. ""totality"", before gen./pron. suff., in appos.2. pl. f. ""everything, whole world""3. m. ""outlay, expenses"" incurred in business, labour, travel etc. (cf. gamrum II)",gamāru II,suff
habtu I,"""robbed"" O/jB of man; ""taken as plunder""; ""having suffered robbery"";",habātu I,suff
hamšā I,"""fifty"" st. abs.; before suff. hamšātsunu/sina etc.; NB (bīt) 50-e ""plot of land held by (group of) fifty""; NA, NB rab 50 ""captain of fifty""; jB 50- a-a ""fifty each"";",hamiš I,suff
hanāqu I,"""to press, throttle"" Bab., NA G (a/u) stat. of part of body ""is constricted""; ""wind"" s.th. ""round tightly""; ""throttle, kill by throttling""; NB stat. ""is angry"" Gtn lex. only Gt ""suffocate"" D ~ G ""throttle, suffocate""; stat. ""is constricted"" Dt pass. of D Š caus. of G N pass. of G; NB ""be(come) angry"" Ntn iter. of N",hanqu I hinqu I hiniqtu I hannāqu Ihanniqu I mahnaqu I,suff
hašû V,"""to become dark"" M/jB G (i/i, u/u) of hair, eyes; of person ""suffer darkness"", i.e. be blinded ?",hašû I,suff
haṭû I,"""defective; criminal"" Bab., OA; OA of silver ""faulty"" (or ""insufficient""?); of omen etc. ""bad, malign""; as subst. ""criminal""; f. subst. haṭītu(m) ""fault, crime"";   I",haṭû II,suff
hisgalû I,(sufferer from illness) jB,,suff
hiāru I,"""to choose"" G ""seek in marriage""; of demons etc., ""seek out"" sufferer; in pī nīšī h. ""have people's interests at heart""; j/NB ""look out, prepare"" offering, provisions etc. Gtn iter. of G, of demons Gt ""woo one another""",hīrtu I hāwiru Ihā'irūtu I tahīrtu I ? takirtu I ?,suff
hiāṭu I,"""to supervise, check; weigh (out)"" G [LAL] 1. ""watch over, supervise, control"" field, land, animals, people; ""check, inspect, examine"" legal case, foundation stone2. ""seek out, investigate""; of demons ""seek out"" sufferer3. ""weigh out, pay"" silver, wool etc.; medical doseGtn iter. [LAL.MEŠ] D ""inspect"" entrails N pass. ""be checked""; ""be weighed out""",hâṭu I hā'iṭu Ihā'iṭūtu Ihā'iṭānu I hayyāṭu I hīṭu II muha''idu I tahīttu I,suff
ibissû I,"OA pl. ibissā'ū ""(financial) loss"" OA, O/jB [I.BÍ.ZA] i. amāru(m), i. dagālu(m) ""to suffer a loss"";",Sum. ,suff
ikku I,"~ ""mood, temperament"" Bab., NA i. karû/arāku ""to be shorttempered/ long-suffering""; usu. ""bad temper, malice""; bēl(et) i. ""ill-tempered (wo)man""",,suff
ittahu I,"""next to, by"" NB + gen. subst. or pron. suff.;",ina I + ṭāhu,suff
itti I,"""with"" [KI; NB also TA ?]  1. prep. + gen. subst. or pron. suff.; be, stand etc., go, send ""with"" s.o.; speak, fight, be angry ""with""; compete ""with"", be equal ""to"" s.o.; divide s.th. ""with"" s.o.; take, buy s.th. ""from, chez"" s.o.; Mari of troops, be ""under"" s.o.; NB ""at"" time of day, ""per"" mina2. conj. Mari ""while, whereas"", Ug. ""as soon as""",ittī I,suff
išti I,"""with"" [KI; NA TA] + subst. or pron. suff. in gen. ""with"" s.o., O/MA also ""from"" + vb.s of taking, receiving; Ass. also ""with, in possession of"" things;",issahîš I cf. ištu I,suff
išû I,"""to have"" (no pres., pret. īši, īšu; stat. rare; cf. GAG §106r) [TUK; Mari also IN.TUK] ""possess"" object; ""have"" merchant, witness, relative, opponent; ""suffer from"" illness, debts, fear; personal characteristic; of loan ""bear"" interest; of creditor ""be owed s.th."" by (= eli, OAkk also itti, OA iṣṣēr); Am. ""exist"" (",išānû I cf. laššu I,suff
kalummû I,"Nuzi pl. kalummānu ""everything"" Mari, Nuzi; usu. + pron. suff.;",kalû II,suff
kalû II,"""all, totality"" [DÙ; DÙ.A.BI]  1. st. abs. kala/i ""everything"", ""everyone"", esp. kala/i/uma2. st. constr. + subst. ""all"", ""the whole of"", ""everyone of""; kal(a) ūmi(m), kallūmi ""all day"", ""every day"", M/NA, M/jB ""during the daytime"" (jB also = late afternoon); NA kal mūši ""night-time""3. with pron. suff., after subst. ""all of it"", mātum kaluša ""the whole land"", ešrēti kališina ""every shrine""; lit. also before subst.4. OB(poet.) + -iš-, kalîšša ""totally""",kalîš I kalāma I kalummû I kullatu Ikullatān I,suff
kašdu I,"""achieved, successful"" Bab. [KUR] of revolt, attack; desire, plan; ""sufficient, adequate"" of work etc.; ""arrived"" of goods;",kašādu Ikašittu I,suff
kašādu I,"""to reach, arrive; accomplish; conquer"" G (a/u) [KUR; jB occas. SÁ.SÁ] 1. ""reach, arrive at"" place, level; person; time, day, season; of time, event ""arrive""; also + ana, ana ṣēr/muhhi, adi2. ""stretch as far as"", ""be contiguous with""; of house ""equal"" (in value)3. ""(succeed in) reach(ing)"", ""locate"" s.o., s.th.4. ""achieve, get"" silver, health, offspring, kingship; desire, plan5. ""conquer"" land, city, ""defeat"" enemy; of demon, curse, ordeal ""catch up with, overcome""; freq. qātum as subj.6. ""complete, accomplish"" job, field(-work); ""master"" instructions7. of supplies, people ""be sufficient, adequate""Gtn iter. of G OB Gt OB lex., mng. uncl. D ""drive off, chase away"" person, demon, animal; ""send away"" messenger; Nuzi ""disinherit""; OA, Mari, Bogh. ""pursue, follow up"" s.o., M/NA ""chase, catch up with"" animal Dtn iter. of D ""constantly pursue""; Alal. ""repeatedly send away"" wife Š caus. of G Št OB ""complete (work on)"" field N pass. of G; NB also of payment, land-holding ""belong with, pertain to"" Ntn ~ Gtn of G 5",kašdu Ikašittu I kāšidu I kišdu Ikišittu I kuššudu I mukaššidu I,suff
kilallān I,"f. kilattān, OA also kilaltān, OB gen. kilettīn ""both"" [MAŠ.TAB.BA] of persons, things, as subst. or adj.; with pron. suff., e.g. OA kilallākunu ""both of you""; OB st. abs. kilalal kilalal ""in pairs""",cf. kalû II,suff
kullatu I,"""totality, all of ..."" OAkk, Bab.(lit.); absol. ""whole (world)""; before subst., pron. suff. ""all of ..."";",kalû IIkullatān I,suff
kullu III,"D ""to hold"" [DIB] (stat. NB only) 1. ""hold, be holding"" s.th., in the hand; ""hold up"" roof; ""hold on to, hold back""; ""be in possession of"" country, property, field; ""hold ready"" offering etc., ""have available""; NA (ina qāti) k. ""consider, take"" value (as given); ""maintain, keep to"" cult, righteousness; ""bear in mind"" words, dream; ""have tenure of"" office, prebend; ""wear"" garment; of things ""contain""; of person, body ""have, suffer from"" illness; of month ""bring, be characterized by"" rain, eclipse2. rēša(m) k. of people, things ""be at s.o.'s disposal"", ""be ready, be at the service of, serve""; ""look after, care for, pay attention to""Dtn iter. Dt pass. of D OA of silver ""be retained"" išti kaspim; ""be held back, restrained"" Dtt NA ""be restrained""",mukillu I takiltu II cf. tākaltu I,suff
kīam I,"""so, thus"" [UR5.GIM]  1. of way of speaking, writing, calculating etc.; ""etc., and so on""; šī lū k. ""so be it (for ever)""; OB šumma lā kīamma ""if it is not the case"", MA ū lā kīa2. O/MA k.-ma ""just so, in the same way""3. OB as pred. ~ ""it is"", warhum kīam ""it has been a month""; + pron. suff. kīašša ""she is like that""4. after prep., ina/ana k., OA akkīam, OB(N.Mes.) also ikkêm ""hence, in consequence""; aššum k. ""for that reason, purpose""5. k. ... k. ""once ... another time, now ... then"", of person k. k. ""so-and-so""6. O/jB interrog. ""how (much)?""",kī I + -amkâmma I cf. akia I kiā'im I kīaššu I,suff
la'bu I,"adj. ""suffering from li'bu disease"" OB lex.;",la'ābu I,suff
la'ību I,"""suffering from li'bu disease"" OAkk as PN;",la'ābu I,suff
laqā'u I,"""to suffer"" NA;",Aram. ,suff
leqû II,"""to take, take over"" G (e/e) [TI; ŠU.TI; ŠU.BA.AN.TI(.MEŠ)] 1. ""take hold of"" weapon, earth etc., ""take delivery of"" animal2. ""be in receipt of, take over"" goods, money, ground, slave, bribe, document3. ""receive"" share, ration, bequest4. ""take away with o.s., take off"" gift, person; vent. ""bring, fetch""5. ""take away, carry off"" booty, captives etc.6. idioms: ""adopt"" child, brother; ""take"" as wife, for slave; qāt/qātāti PN l. ""stand surety for PN""; of planet kakkaba leqât ""contains, absorbs star""; parṣa/ī l. ""perform ritual(s)""; of part of body šāra leqe/â ""suffers from draught; from wind""7. ""accept"" abstr. obj., prayer, wish; judgement; name; office, function; math. ""take"" number etc.; cf. šēṭūtu8. OB ""get to know"" s.th.9. Am. also G pass. forms10. Ug. in ša laqē išāti ""fire tongs""Gtn iter. of G D Ass. ~ G pl. obj. Š caus.; esp. of G 7 ""cause to take office, appoint"" s.o. N pass. of G 1-5 Ntn iter. OA",leqû I lēqû I lāqiānu I liqûtu I lūqu I luqūtu I melqētu I cf. laqāhu I,suff
libbānu I,"""inside"" Mari, M/jB [ŠÀ-nu] adv. ""within"", of region, halo, lung, also ana l.; + pron. suff. libbānuššu ""within it"";",libbu I + -ānu,suff
magāgu I,"""to spread, stick out, protrude"" M/NA, M/jB G (a/u) of beggar ""hold out"" the hand; ""have cramps, spasms""; stat. ""is tense""; of animals ""cover, mate"" Gtn iter. of G ""have repeated cramps"" D = G of limbs ""stiffen, project"", of penis ""be erect""; NA ""impale""? N lex. (nam(a)gugu) ""suffer cramp""",mangu II mungu I mangāgu I namungatu I cf. makāku I,suff
mala I,"""as much as""  1. prep. before pron. suff. and subst. ""as much as, equivalent to""; before infin. ""as much as necessary to""; ana mala, ammala ""in accordance with""2. mala/i ša OB ""everything that""; NB ""just as much as"", ""such as (s.th.) is""3. rel. pron. ""as much as; everything that"" and sim. (cf. GAG §§48j, 168f-h), mimma mala ""everything that""; NB mamma mala ""everyone who""",malû III st. constr.cf. ammal I ammar I,suff
mammanu- I,"with poss. suff. ""whosoever, anyone of"" s.o. NA, NB",cf. mamman I,suff
mannu I,"""who?""; in PN; with pron. suff.; indir. questions; m. ša ""who(so)ever; everyone who"", ""each, every (single) person""; m. šanâmma ""anyone else""  cf. attaattimamman I",cf. attamannu I attimannu I mamman I,suff
manû IV,"""to count, calculate; recite"" G (u/u, later often i/i) [ŠID] 1. ""count, enumerate, list""; ""calculate; wait (a number of days); charge; debit""2. ""count as (= ana or -iš), count among (= itti)""; ""change into""3. ina/ana qātē m., or loc.-adv. qātu- + pron. suff. m. ""deliver, surrender s.o. (to)""4. ""recite"" hymn, incantationGtn iter. of G D = G Dt pass. of D Š ""cause to count; cause to deliver"" N pass. ""be counted, calculated; delivered""",manû Imanû IImānu Imanâtum Imanûtu I mīnu IIminānu I ?minītu Iminûtu I munūtu I,suff
marāṣu I,"""to be(come) ill; be(come) arduous, difficult"" G (a/a, NB u/u; stat. maruṣ, Ass. mariṣ) [GIG] 1. stat. of person, animal ""is/was ill"", ""suffers"" (from = acc.), (in = acc.); ""become ill""2. ""worry; care for"", stat. ""is distressed, grieved, worried"" often with libbu as subj.; ""worry"" (about = ana or dat.)3. ""displease"" (s.o. = eli)4. ""be(come) difficult, oppressive, unpleasant"", stat. of work etc. ""is oppressive""; ""become annoying""Gtn iter. of G ""fall ill repeatedly""; with libbu ""worry incessantly"" D ""offend, hurt; worry s.o.""; OB as Š ""do in an offensive manner, make (s.th.) hurtful"" Š ""be hurt, troubled"" Št2 ""exert o.s., take trouble"" ŠD Am. with libbum ""distress o.s.""",marṣu Imarṣiš Imaruṣtu Imarṣūtu I marrāṣu I murṣu I namrāṣu Inamrāṣiš I šumruṣu I,suff
maṣû I,"""to correspond, comply with (s.th.); be sufficient, suffice"" G (i/i) 1. after mala, NA (am)mar (of field etc.) ""be as much as it amounts to, is worth""; ""be worth as much as s.o. else""; mala, ammar libbi- m. ""achieve wishes""; after infin. ""be able to""2. with ana or dat. ""reach"" o.'s goal; stat. ""is sufficient""3. with acc. ""reach"" a number or a time4. OA ""take responsibility for""5. with kīma ""become equal to""6. kī maṣi ""how much (does it correspond to)?"", math. also after prep. (cf. maṣi)7. absol. maṣi ""it is enough!"", also in PN; OA before laqā'um and ṣabātum ""be ready, in a position to take""D ""make available, provide"" (cf. wuṣṣûm), OB qātam m. ""make o.s. available, get involved"" Dt OA ""be made available"" Š caus. of G ""cause to/let correspond""; ""cause to suffice""; jB ""prepare (properly)""? drug mixture; NA ""be able to"" Štn uncl. Št 1. ""set about doing s.th.""2. stat. ""is within reach, available""",maṣi Imaṣītu I miṣītu I muštamṣû I,suff
maṣītu I,"""(that which is) sufficient"" jB;",maṣû I,suff
maṭû II,"""to be(come) little"" G (i/i) [LAL] of water level ""become low""; of yield, possessions etc. ""become less, lessen, diminish""; ""grow scarce, be in short supply""; esp. as opp. to (w)atāru(m); stat. ""is lacking, wanting""; pī X maṭi ""X is humiliated""; math. ""become less"" (than = ana), maṭi ""minus"" in X LAL Y (rdg.?); ""need, be in need"" (of = acc.); ""be defective""; of sight ""fail, deteriorate""; of humans ""waste away, be emaciated"" D ""reduce, curtail"" [LAL], stat. ""is restricted in o.'s ability"" (to do s.th.); pī X muṭṭû ""humiliate X"" Dt ""be reduced; impeded"" Š ""lessen; neglect, disregard (s.o. or s.th.)"", ""treat badly, insult"" Št ""suffer reduction, meet with loss""; stat. OB ""is despised""",maṭû Imaṭîš I mīṭu Imiṭītu I muṭû Imuddû I ? muṭṭû I imṭû Iinṭatta I šamṭû I tamṭītu I,suff
mimma I,"and sim. ""anything, something; everything, all"" [NÍG.NAM]  1. ""something""; m. + subst. ""any""; m. lā, m. ul ""nothing; not at all""; adv. m. lā m. ""somehow""2. ""every(thing), total(ly), all"" rarely of persons; m. annîm ""all this""; m. ša ""all that""3. as rel. pron. ""all that""; m. šumšu ""anything"", m. š. ul(a), lā ""nothing at all""4. Nuzi, Am., Ug. mimmu/i/a šum/nšu often with second pron. suff. ""all that belongs to""",mīnu I + -ma (cf. GAG p.261)mimmû I cf. NA memēni I,suff
mimmû I,"partly declined  1. before gen. or pron. suff. ""all, anything (of)"" possessions; ""all things"", OAkk in PN; OA ""anything of/from""2. rarely absol. ""all, everything""; m. mala ""all that""3. as rel. pron. ""all that""; ""whatever""",mimma I (cf. GAG §48f),suff
muttikku I,(person suffering from a venereal disease)? jB lex.;,niāku I Gtncf. muttatiku I,suff
muttu I,"""front (part)"" OA, O/jB; Bogh. ""front side"" of the body; with poss. suff. ""before (s.o.)"";",muttiš I,suff
mānahtu I,"MA pl. also mānehātu ""weariness, fatigue; toil, work"" Ass., O/jB  1. gener., m. amāru ""to suffer hardship""2. ""(expenditure of) labour and materials; equipment for work""; m. šakānu ""to invest labour""; m. apālu, also nadānu, mullû ""to pay expenses, compensate for expended labour""; m. leqû ""to recover costs of labour""3. pl. ""proceeds (of labour); earnings""4. ""cultivated field, orchard""5. MB(Alal.) ""vassal service""",anāhu I,suff
mērênu I,"""nakedness"" O/jB; of country ""barrenness""; esp. loc.-adv. with pron. suff. mērênuššu ""in naked, wasted state"" O/jB;",erû III,suff
mīnu I,"""what?"" [math. EN.NAM; M/NB also EN(.NA)] OAkk, OB, MA, Nuzi, NB in PN; with ina, OB immīnim, MB ina m. ""with what?"", jB immīnê ""how, by what means?""; ana m. (MA ana'īni), aššum m. and sim., OB also mīnam ""why?""; with pron. suff.; mīnum ša ""what is it that?""; NA, NB before rel. clause m. ša, NB also m. kī ""whatever; all that"";  minsu Imiššu Imīnummê Imimma Imimmû Imimmāmu Iminde Imūnu Icf. ammīni Imāmiššam I",minsu Imiššu I mīnummê I mimma Imimmû Imimmāmu I minde I mūnu I cf. ammīni I māmīnu I miššam I,suff
nadānu II,"""to give"" G (pres. OAkk and occas. later inaddan, Bab. inaddin, inan/mdin, Ass. iddan; perf. ittadin, Ass. ittidin, pl. ittadnū, NB, M/jB rarely ittannū, vent. MB onwards ittanna, NB also ittannu; pret. iddin, vent. wr. OB in PN, MA rarely idinna(m); NB before pron. suff. also inaddaššu, taddaššu; imper. OAkk, Bab. idin, pl. idnā, NB innā, Ass. din; Am. also W.Sem. pass. iú-da-an/na; Bogh. also Ass. forms (cf. GAG §102j-l)) [mostly SUM; in PNs MU, AŠ] 1. of person ""give, hand over, offer""; ""pay"" silver, interest; ""leave, cede"" s.th. to s.o.; ""put at s.o.'s disposal"" soldier, porter; ""deliver""; ""give s.o. (in marriage)""; of deity ""grant"" offspring, (long) life, prosperity; ""confer, bestow"" rulership on king; ""commit, entrust (to s.o.)"" sceptre, land; ""deliver"" enemy; ""give"" order, advice, reason2. ""sell"", also ana kaspim, ana/aš-šīmim n.3. awātam, qabâm n. ""promise""4. math. ""give"" a result5. with ana + infin. or acc. infin. ""allow, permit"" to do s.th.6. with parts of the body: with idu O/jB ""endeavour"", NA ""give o.s. up""?; with libbu ""encourage""; pānī n. ""turn the face toward"", ""give attention to"", NB ""reveal o.s.""; Mari, Am. ""get ready to travel (to)""; pâ(m) n. ""give o.'s consent""; OA šēpē n. ""set out"" forGtn iter. of G ""give, grant repeatedly""; ""sell repeatedly"" Š ""cause to give"", esp. ""collect, make to pay"" tax, debt etc.; ""recover"" silver, payment Štn OB ""be collected"" Št2 (pres. mostly uštaddan, rarely uštanaddan) [SUM.SUM.MEŠ] jB ""intermingle"" liquids; ""exchange (advice) with one another, confer""; ""ponder"" N ""be given, granted""; ""be delivered""; ""be sold""",nadnu Inadīnu Inadintu I nidnu Inidintu I nādinu Inādinānu Inaddinu Inādittu Inādinatu I nadānu Inadāniš I nudunnû I maddānu Imaddattu Imandittu I ? mušaddinu Imuštaddinu I muttaddinu I šadduttu I tadduntu I cf. tadānu I,suff
nagāgu I,"""to bray, bellow, bawl"" O/jB G (a/u, u/u) of donkey etc., demon, human sufferer",nuggatu I naggigu I tangagtu I ?,suff
nannû I,"""command, behest"" O/jB(poet.) with loc.-adv. + pers. suff. ""at"" s.o.'s ""command""",,suff
napharu I,"""total, sum; (the) whole, entirety"" [(ŠU.)NIGIN/NÍGIN; PAP] construed absol., as st. constr. before nouns, or with pron. suff.  1. in additions ""sum total""; ""subtotal"" [PAP]; Mari pl. f. napharātu ""totals"" of troops2. ""entirety"" of people, countries, objects, rites etc.",pahāru IInaphartu I,suff
naššihu I,"""suffering from diarrhoea"" jB lex.;",našāhu I,suff
niā'u I,"""our"" as adj. for emphasis instead of poss. suff.; in pred. use ""ours""",nīnu Icf. innû I,suff
pašāqu I,"""to be narrow; be difficult"" O/jB, NA G (u/u) of part of body ""become narrow""; stat. of crossing, demon ""is difficult, troublesome"" D stat. of water ""is confined, hemmed in""; NA mng. uncl. Š 1. caus. (rare) jB ""make difficult"", jB lex. ""defeat""2. intrans. (denom. < šupšuqu) ""be in difficulties, have a hard time""; stat. of road, ascent ""is difficult"", of crime ""is grievous"", of plan etc. ""is hard to grasp""; of worker, woman in childbirth ""suffer severe exertion""Štn intrans., of heaven and earth ""be repeatedly constricted""; transf. ""be repeatedly reduced to hard straits"" by battle Št intrans., of woman in childbirth ""suffer severe exertion"" [PAP.HAL.ME(Š)], of invalid ""go through a hard time""",pašqu Ipašqiš I pušqu I šapšāqu I šupšuqu Išupšuqiš Išupšuqtu I mušapšiqtu Imuštapšiqtu I tapšiqtu I,suff
qadu I,"""together with, including"" O/MA, O/jB, M/NB(lit.)  1. as prep. with subst.; OA qadi-ma tertika ""following your instructions""2. with pron. suff. OA qadi-a/ni/šu-ma ""with me/us/him""; O/MB qaduššu, qadukku ""with him"", ""with you""3. of place, time ""as far as, up to""4. as conj. Mari ""until"", ""because"", q. lā ""before""; MA q. balṭutūni ""as long as she is alive""; NA etc. cf. adi 1",,suff
qarbāte I,"pl. mng. uncl. NA, with pron. suff.",,suff
qerbu II,"""centre, interior"" [ŠÀ]  1. ""centre"" of town; ""interior"" of building, OA esp. qe/ara(b)-bītim, as storeroom; of heaven (šamê), mountains (šadî), land (māti); jB of boat2. ""interior, inside(s)""; OA ""contents"" of wrappings; ""intestines"" of human, animal body (usu. pl.) [med., ext. ŠÀ.MEŠ]; q. qattanūtu/kabbarūtu ""small/large intestine""; MB ""womb"" in fPN3. transf. ""inner being, mind"", ""contents, meaning"" of words4. jB q. suluppi ""date flesh"" as drug5. q. mušīti ""midnight""6. in prep. use ina qere/ab ""within, inside, among""; Bab. loc.-adv. qerbu(m), with suff. qerbuš(šu/ša) ""therein, thither""; also ša, adi, ištu/ultu, ana q. etc.",qerbēnu Iqerbiš IIqerbītu Iqerbû Iqarbītu I ? qerbetu I,suff
ra'batu I,"""fit of rage""? jB, r. irši ""he suffered a fit of rage"";",ra'ābu I,suff
rašašim I,"OB om. for rāš(i) ašîm ""headache sufferer""?;",rašû I + ašû I ?,suff
rašû I,"""to acquire, get"" G (i/i) [TUKU] 1. ""become owner of, come into possession of"" property etc.2. ""acquire"" brother, friend; ""get"" strength, help, (divine) protection, repute (šuma); wisdom, advice3. ""come to have"" claim, grounds for complaint, credit against s.o., ""be owed"" s.th. by s.o., ša elīya taršû ""which I owe you""4. ""experience, be affected by"" need, wish, fear, anger, compassion, nīd ahi r. ""become negligent"", OA also absol. ""get worried""5. cf. idu 4; pānu I 9; qaqqadu 7; ṣītu 4Gtn iter. [TUKU.TUKU; Nuzi TUKU.MEŠ] Š caus.; ""cause, arrange for s.o. to get"" son, friend etc.; ""supply s.o. with"" field, commodity; of deity ""endow"" s.o. with strength etc.; ""secure"" justice, verdict, mercy, forgiveness; ""cause to suffer"" punishment, pain, interest Štn iter., OB pānam šutarši ""make clear repeatedly""",rāšû Irāšîlūtu I maršītu I rašašim I ? cf. rašûtu I,suff
rimûtu I,"(kind of paralysis) M/jB med., mag., r. rašû ""to get, suffer paralysis"";",ramû III,suff
riṭibtu I,"""wetness, wetting"" O/jB; house r. immar ""will suffer from damp""; ""watered land, irrigable fields"";",raṭābu I,suff
ruṭibtu I,"""dampness"" jB [KI.DURU5]  1. ""damp ground"", ""irrigated field""2. (an illness, phps.) ""dropsy"", r. marāṣu/našû ""to suffer from r.""",raṭābu Icf. ruṭubtu I,suff
rēṣu I,"""helper"" [Á.TAH] (OB poet. and later, nom. freq. rēṣū- before pron. suff.) of god, freq. in PNs; of persons, OB rēṣka ""your helper""; ""(military) support"", jB adi rēṣēšu ""with his allies"";",rêṣu Irēṣūtu I,suff
sahāpu I,"""to envelop, overwhelm"" Bab., M/NA G (a/u) [ŠÚ] of flood, smoke, net; transf. of radiance, fear, demon, suffering; ""spread"" net etc. ""over"" s.o.; ""overturn"" chariot, ship, bowl etc. D ~ G of radiance etc., demon ""overwhelm""; ""overcome""? mountain; ""overwhelm"" s.o., OB transf. with words (ina awâtim), jB with (= acc.) epilepsy, fear Š jB ""cause"" radiance, fear ""to overwhelm""; ""cover"" s.th. ""with"" s.th. (= 2 acc.) Št jB stat. of livers ""are made to overlie each other"" N [ŠÚ] pass. of G Ntn iter. mng. uncl.",sahpu Isahiptu I sāhipu I sehpu Isihiptu Isahaptu I musahhiptu I muštashiptu I nashapu Inashiptu I,suff
sapāqu I,"1. NA ""to be sufficient"" of garrison2. NB lex. ""to be able, strong""",sapqu I,suff
takulû I,"~ ""suffering""? jB rdg. uncert.",,suff
takāku I,"""to (op)press"" O/jB G stat. ""is in suffering"" D uncert. (cf. ekēku Dt)",cf. tukku II,suff
upnu I,"""(cupped) hand"" Bab., M/NA; u. petû ""to open palm(s)"" to pray (cf. pūtu II); for receipt of e.g. grain, also transf. of suffering, blood; ""handful"" as measure, Bogh., NB, also pl. f.",,suff
urbatu II,"(a kind of worm) jB [MAR.GAL]; u. sāmtu ""red worm""; as illness, urbatu maruṣ ""suffers from worm(s)""",,suff
wiāṣu I,"""to be(come) too little, small"" G 1. ""become few, insufficient"" of people, plants, offerings etc.; ""be(come) too small"" of buildings, places; ""decrease (in size)"" of parts of the body; ""be powerless"" of king2. stat. of people, soldiers, days ""are few""; of area, water, part of body ""is too small, little""; of material, animal, ext. of good/bad conditions ""are scarce, rare""; of treaty, work ""is inadequate""Š caus. of G Am. only",wīṣu Iēṣiš I mīṣūtamma I ta'īṣtu I,suff
wēdī- I,"(+ poss. suff.) ""(he/you etc.) alone"" OA;",wēdu Icf. udī- I wuddi I,suff
yānu I,"""(there) is not"" M/NB  1. yānu mê ""there is no water"", also after subst.; MB freq. yānumma, yānummi, NB also yānu'amma; with pron. suff. yānuššu ""he is not""; kī ibašši ū kī y. ""whether there is or not""2. interrog. yānū etc. ""is there not?"", ""is it not so, n'est-ce pas?""; NB also ""(if) there is not, otherwise""3. Ug. yānummā ... yānummā ""whether ... or""; for pos. usage cf. ayyānu",,suff
ēdēnu I,"""alone"" M/NB + pers. suff. e.g. ēdēnukka, ēdēnuššu ""on his own; alone""; Nuzi ""single"" [LÚ.DIL], i.e. without family;",wēdu I + -ānuēdēnû I ēdāniš I,suff
ša I,"""who(m), which; (s)he who, that which; of"" etc. (det. pron.)  1. (cf. GAG §§137-8) before gen. ""of"" (after subst.; after pron. suff.; also before subst.), jB lex. ""with reference to, (with the meaning) of; (when said) of""; (before infin.) ""fit to (be), due to (be)""; (before lā + infin.) ""not to be, which cannot/should not be""; (in PN) ""(the deeds) of"" DN; (in prof. desig.) ""he of"", i.e. the man in charge of; ša X-šu = ""the X-man""; (before prep.) e.g. ša libbi, ša muhhi; ša lā ""without; in the absence of""2. (cf. GAG §§164-8) rel. pron. before subjunct. or nominal clause ""who, whom, which"" (also with no antecedent); OAkk as acc. only; followed by subst. + pron. suff. ""whose""; by vb. + dat. pron. suff. ""to whom""; in comb. with other conj.s esp. j/NB, NA, e.g. adi ša, akī ša, kīma ša, ištu ša etc.; ""that, according to which""; ""with respect to the fact that ..."", ""because""",cf. iššā I šalânû I šāt I šu I šūt I,suff
šagāmu II,"""to roar, shout"" O/jB, NA G (u/u) [GÙ.DÉ] of gods, demons; king; thunder; animals; waterfall; of house, wall ""make a noise""; med. of ear, head ""buzz, suffer tinnitus"" Š caus. of G Štn iter. of Š",šigmu Išigmiš I šagāmu Išagantu I šagīmu Išagimmatu Išaggumūtu I šāgimu I šugummû I,suff
šahāhu I,"""to become loose, fall out; disintegrate; disappear"" G (u/u) of hair, wool; teeth; gemstones; med. gall-, kidney stones; flesh; of people ""become powerless""? Gtn iter. of G D ""waste"" flesh, body; ""make (hair) fall out""; OA ""corrode"" metal Dt pass. of D Ntn ""suffer continual loss"" (of hair or teeth ?)",šihhatu I šahhīhu I išhihatu I ?,suff
šalmūtu I,"""well-being, health, good condition"" Bab., esp. with pron. suff. in adv. use, e.g. šalmūssa/u ""in good condition"";",šalmu I,suff
šalânū- I,"""without"" NB, with pron. suff. šalânūa, -ukka, -uššu, -unnu ""without my/your/his/our permission"";",ša I + lā + -ān,suff
šanannu I,"""chariot-archer"" MB(Alal.), ;  pl. -ma; Hurr. suff. - he;",Ug. ,suff
šanûtī- I,"pron. suff. ""for the second time"" M/NA, M/jB e.g. šanûtēka tahaššal ""you crush a second time""; also ina š.-; frozen form (ša) šanûtīšu;",šanû I,suff
šanā'u I,"~ ""to block, block off"" jB, NA G (a/u) ""stifle""; ""block"" with dry matter Gtn iter.? D stat. of eyes ""are suffused"" with blood Dt ~ D stat.",šini'tu I,suff
šaplu II,"""underside, bottom"" [KI.TA] OB ""arrears""; in prep. use (ina, ištu, ana) šapal, NA often šapla; jB, NA also loc.-adv. with pron. suff. šaplū'a, šapluššu etc.; transf. ""under"" control, charge of, ""at"" the feet of, ""under"" the oath of; NA šapal, šapla/i qāti ""secretly"";",šapālu Išaplānu Išaplāniš Išapliš Išaplītu Išaplû I,suff
šaplû I,"""lower"" [KI(.TA)] ""lower(-lying)"" (opp. to elû ""upper"") of buildings, objects, parts of body; land, sky, world; ""of lower quality""; of plots of land ""lower"" side (mostly south and east), also math. of figures; ""suffixed"" of Sum. gramm. elements;",šaplu II,suff
šaplānu I,"""underneath; beneath, under"" [KI.TA(- )]  1. adv.: ""(down) below; downstream""; also ana, ina, ištu š.; also ""inwardly, in secret""2. prep., also šaplān: ""beneath, under; downstream from""; Nuzi ""west of""; also ana, ina, ištu š., with pron. suff.; š. šēpi ""sole of the foot""",šaplu II,suff
šapālu I,"""to be(come) deep, low"" [KI.TA; SIG; astr. also BÙR] G (i/i) ""be deep"" of well, river, ditch etc.; ""be sunken"" of eyes; ears; part of liver; ""reach lowest point"" of moon, stars; building; flame; mountain; ""be lowly, humble""; ""humble o.s.""; ""be depressed"" of heart, mood; ""be low"" of price (opp. = šaqû II), ""suffer a loss"" in business Gtn ""become progressively lower"" of doors, foundations D ""dig deep""; ""lower"" water table; stat. ""are low"" of heavenly bodies, parts of body; ellipt. ""be placed deep"" of features on liver, eyes etc.; ""bring down"" amniotic fluid; ""bend down, incline"" face; ""humble, humiliate"" s.o.; ""suppress"" opinion (libbu); ""reduce, lower"" price Dtn iter. astr. ""stay constantly low"" Dtt NA ""move downstream"" Š caus. of G ""bring low, abase"" N of person, speech ""be humbled""",šaplu Išaplu IIšapiltu Išapliš Išaplānu Išaplāniš Išaplû Išaplītu I šuplu I šupālu Išupālû Išupālītu Išupālānu I šappalu I šuppulu Išuppultu I šušpulu I mušpalu I mušappilu I našpiltu I tašpiltu I,suff
šaqālu I,"""to weigh, pay; balance, suspend"" [LAL; Ì.LÁ.E (= išaqqal)] G (a/u) 1. ""weigh"" substances, objects2. ""weigh out, pay"" silver, tax, interest; transf. of Šamaš ""assess"" lands; ""dispense, allocate"" demons, suffering, mourning3. ""mete out (sparingly)"" rainGt [LÁL] ""be in balance, equal"" of day and night; astr. ""be in opposition, conjunction""; ""be equal"" of man to god D 1. ""weigh""2. OA ""pay out"" silver, payment, tribute3. O/jB (denom. from šaqlu) ""make scarce"" rainŠ ""cause to pay"" OA, OB, MB(Alal.) N ""be weighed, paid out""; ""be meted out (sparingly)"" of rain, flood",šaqlu I šiqlu I šuqlu Išuqultu I šāqilu I šitqulu Išitqultu I mašqaltu I mušaqqiltu I mušeqqilu I cf. mašqalu I šuqallulu I,suff
šattu I,"f., occas. m.; pl. šanātu ""year"" [MU; MU.AN.NA; OA MU.X.ŠÈ; Bogh. etc. MU.KAM; jB MU.1.KAM] šattum (loc.-adv.), ina/ana/ša šatti ""yearly"", šanat (st. abs.) ""one year"", also after prep. (ana, ištu), also with poss. suff.; ""(time of) year, the season""; pān(i) š. ""spring""; warkiāt/arkât š. ""later part of year""; rēš š. ""new year""; NB mār š. ""one-year-old"" of animals; qīt š. ""end of year""; šatta(m) (ana) šatti(m) etc. ""year by year""; pl. ""years = span of time"", e.g. ""years"" of plenty;",šatta Išattišamma I šattussu I šanassu I cf. rabūšene I šaddaqda I šaluššani I,suff
šeššātu I,"""with six (spokes or yoked animals)"" MB, MB(Alal.), Nuzi, jB lex.; also with Hurr. suff. šeššātuphe;",šediš I,suff
šitqulu I,"""sufficient""? jB of bread;",šaqālu I Gt,suff
šudlupu I,"""sleepless; troubled"" jB of sufferers; of groans;",dalāpu I Š,suff
šukênu I,"OAkk, Ass. šuka''unu(m) (pres. also uškân); Am., Nuzi, Bogh., Ug., Emar *šuhēhunu (cf. GAG §109i-j) ""to prostrate o.s."" [KI.ZA.ZA] before god, king; before freq. = dat. suff.; MA in introduction to letters (n)ultaka''in ""I/we bow"" (before my/our lord); OA ""submit to"" document, functionary",cf. muškēnu I,suff
šumruṣu I,"f. OB also šumruštum ""very painful, suffering"" O/jB of situation; road; words; heart;",marāṣu I Š,suff
šēpu I,"f., often du.; pl. šēpē/ātu(m) ""foot"" [GÌR; OAkk phps. DU; ext. also AŠ ?] (loc.-adv. with pron. suff. šēpi/aššu, šēpū'a etc.; du. šēpānuššu) of human, animal, bird; ina š. ""on foot""; seize (ṣabātu) in supplication; kiss f.; cut off f. of enemy, foreigner, from territory = repel invasion; dust of f.; NA šēpēya ""my own"" chariot, troops etc., ša šēpē ""personal""; transf. šēp PN ""(at) the foot of PN"" = OA under his control, in his caravan; OB = under his responsibility; ""(furniture) foot""; kīma šēpīšunu ""according to their rank"" Nuzi, NB; ""foot"" of mountain; of constellation, cloud; ext. (a feature on liver);",šēpītu Išêpu I,suff
ṣabāru I,"""to twinkle; blink; mutter"" M/jB, NA G (u/u) of star; of eye ""blink, wink (maliciously)""; of demon, bird ""twitter, chirp""; of snake ""rustle"" or ""hiss""? Gtn iter. of G Gt (infin., stat., imper. tiṣb...) ""speak"" D MB ""be startled""?; jB lex. of intestines ""suffer contractions""? Š ~ Gt ?",ṣabru Iṣabāriš I ṣabburītu I cf. muzzapru I ṣapāru I,suff
