,Unnamed: 0,id,source_id,row_index,segment_idx,akk,eng,transliteration,translation
0,0,0,,60,0,a-bu-a MAŠKIM ù tám-kà-ru ú-ṣú-ur-ša-a-šur DUMU a-šur-ma-lik iṣ-bu-tù-ni-a-tí-ma a-na É ú-ṣú-ur-ša-a-šur ú-šé-ri-bu-ni-a-tí-ma ma-ṣa-ar-tí ú-ṣú-ur-ša-a-šur tám-kà-ru-šu i-na ma-aḫ-ri-ni ip-té-ú-ma ṭup-pì-šu ḫa-ru-mu-tim ú-šé-ṣí-ú-ni-ma i-na li-bi₄ ṭup-pì-šu ṭup-pá-am ḫa-ar-ma-am ša 6 GÚ AN.NA ku-nu-ki ša a-lim{ki} ú 45 TÚG ku-ta-ni ša-lim-a-šur a-na a-šur-i-dí DUMU sá-da-a i-da-an-ma 1 GÚ KÙ.BABBAR ṣa-ru-pá-am a-šur-i-dí a-na ša-lim-a-šur i-ša-qal šu-ma a-šur-i-dí DUMU sá-da-a lá-šu AN.NA ù TÚG ṣú-ba-tí a-na ša ki-ma a-šur-i-dí ša-lim-a-šur i-da-an ṭup-pu-um ḫa-ar-mu-um ša ḫu-bu-ul a-šur-i-dí i-na É ú-ṣú-ur-ša-a-šur DUMU a-šur-ma-lik i-na li-bi₄ ṭup-pì-šu e-li-a-ma ù a-na a-šur-ma-lik DUMU a-lá-ḫi-im ip-qí-du-šu a-na a-wa-tim a-ni-a-tim kà-ru-um kà-né-eš i-dí-ni-a-tí-ma IGI GÍR ša a-šur ší-bu-tí-ni ni-dí-in ,"Abuwa, the attorney, and the customers of Uṣur-ša-Aššur son of Aššur-malik seized us and led us into Uṣur-ša-Aššur's house, and his customers opened Uṣur-ša-Aššur's strong room with us as witnesses, took out his certified tablets, and (selected) from his tablets one certified tablet stating that Šalim-Aššur shall give 6 talents of tin sealed in the City and 45 -textiles to Aššur-idī son of Sadaya, and that Aššur-idī shall pay 1 talent of refined silver to Šalim-Aššur; if Aššur-idī son of Sadaya should be absent, Šalim-Aššur shall give the tin and the textiles to Aššur-idī's representatives. This certified tablet concerning Aššur-idī's debt appeared in the house of Uṣur-ša-Aššur son of Aššur-malik among his tablets, and thereafter they entrusted it to Aššur-malik son of Ali-ahum. § The Kanesh colony gave us for these proceedings and we gave our testimony before Aššur's dagger. ",a-bu-a MAŠKIM ù tám-kà-ru ú-ṣú-ur-ša-a-šur DUMU a-šur-ma-lik iṣ-bu-tù-ni-a-tí-ma a-na É ú-ṣú-ur-ša-a-šur ú-šé-ri-bu-ni-a-tí-ma ma-ṣa-ar-tí ú-ṣú-ur-ša-a-šur tám-kà-ru-šu i-na ma-aḫ-ri-ni ip-té-ú-ma ṭup-pì-šu ḫa-ru-mu-tim ú-šé-ṣí-ú-ni-ma i-na li-bi₄ ṭup-pì-šu ṭup-pá-am ḫa-ar-ma-am ša 6 GÚ AN.NA ku-nu-ki ša a-lim{ki} ú 45 TÚG ku-ta-ni ša-lim-a-šur a-na a-šur-i-dí DUMU sá-da-a i-da-an-ma 1 GÚ KÙ.BABBAR ṣa-ru-pá-am a-šur-i-dí a-na ša-lim-a-šur i-ša-qal šu-ma a-šur-i-dí DUMU sá-da-a lá-šu AN.NA ù TÚG ṣú-ba-tí a-na ša ki-ma a-šur-i-dí ša-lim-a-šur i-da-an ṭup-pu-um ḫa-ar-mu-um ša ḫu-bu-ul a-šur-i-dí i-na É ú-ṣú-ur-ša-a-šur DUMU a-šur-ma-lik i-na li-bi₄ ṭup-pì-šu e-li-a-ma ù a-na a-šur-ma-lik DUMU a-lá-ḫi-im ip-qí-du-šu a-na a-wa-tim a-ni-a-tim kà-ru-um kà-né-eš i-dí-ni-a-tí-ma IGI GÍR ša a-šur ší-bu-tí-ni ni-dí-in ,"Abuwa, the attorney, and the customers of Uṣur-ša-Aššur son of Aššur-malik seized us and led us into Uṣur-ša-Aššur's house, and his customers opened Uṣur-ša-Aššur's strong room with us as witnesses, took out his certified tablets, and (selected) from his tablets one certified tablet stating that Šalim-Aššur shall give 6 talents of tin sealed in the City and 45 -textiles to Aššur-idī son of Sadaya, and that Aššur-idī shall pay 1 talent of refined silver to Šalim-Aššur; if Aššur-idī son of Sadaya should be absent, Šalim-Aššur shall give the tin and the textiles to Aššur-idī's representatives. This certified tablet concerning Aššur-idī's debt appeared in the house of Uṣur-ša-Aššur son of Aššur-malik among his tablets, and thereafter they entrusted it to Aššur-malik son of Ali-ahum. § The Kanesh colony gave us for these proceedings and we gave our testimony before Aššur's dagger. "
1,1,1,,145,0,a-na a-wa-tim a-ni-a-tim kà-ru-um kà-ni-iš i-dí-ni-a-tí-ma ší-bu-tí-ni ni-dí-in," § The Kanesh colony gave us for these proceedings and we have our testimony. """,a-na a-wa-tim a-ni-a-tim kà-ru-um kà-ni-iš i-dí-ni-a-tí-ma ší-bu-tí-ni ni-dí-in," § The Kanesh colony gave us for these proceedings and we have our testimony. """
2,2,2,,155,0,a-na a-wa-tim a-ni-a-tim kà-ru-um kà-ni-iš{ki} i-dí-ni-a-tí-ma ṭup-pá-am IGI GÍR ša a-šùr i-ba-ab DINGIR-lim ni-dí-in," § The Kanesh colony gave us for these proceedings, and we gave a tablet in front of Aššur's dagger in the Gate of the God.""",a-na a-wa-tim a-ni-a-tim kà-ru-um kà-ni-iš{ki} i-dí-ni-a-tí-ma ṭup-pá-am IGI GÍR ša a-šùr i-ba-ab DINGIR-lim ni-dí-in," § The Kanesh colony gave us for these proceedings, and we gave a tablet in front of Aššur's dagger in the Gate of the God."""
3,3,3,,157,0,kà-ru-um kà-ni-iš i-dí-ni-a-tí-ma ší-bu-tí-ni ba-áb i-lim IGI pá-aṭ-ri-im ša a-šur ṭup-pá-am ni-dí-in," § The Kanesh colony gave us and we gave our testimony in the Gate of the God before Aššur's dagger on a tablet. """,kà-ru-um kà-ni-iš i-dí-ni-a-tí-ma ší-bu-tí-ni ba-áb i-lim IGI pá-aṭ-ri-im ša a-šur ṭup-pá-am ni-dí-in," § The Kanesh colony gave us and we gave our testimony in the Gate of the God before Aššur's dagger on a tablet. """
4,4,4,,228,0,<gap> né-ma-al-šu ba-a-nim a ma-lá dí-in a-lim{ki} KÙ.BABBAR šu-uq-lá-ma ù a-na a-lim{ki} lu ni-lik lá tù-na-ḫa-ni lá ri-ig-ma-tum ší-bu-tum uš-kà-i-in a ṭup-pí-im ša a-lim{ki} ú ra-bi₄-ṣí-im ša be-li-a um-ma en-um-a-šur-ma a-na a-ba-ba-ma a-ta IGI a-we-li a-ni-ú-tim ta-aṣ-ba-tám-ma i-na dí-tim ta-áš-a-lá-ni a-ta ra-bi-ṣú-um i-li-kam-ma um-ma a-lá-ḫu-um-ma a-ḫi ma a bu a-ša-al ni-a-tí iš-al-ni-a-tí-ma na-pá-lá-tí-ni a-na a-lim{ki} i-ta-ba-al i-nu-mì a-bu-ni i-na dur₄-ḫu-mì-it me-tù a-na-ku lá-šu-a-ku-ma a-ḫi a-lá-ḫu-um i ri-iš a-bi-a i-zi-iz ús-ta-ki-lu-ni-ma a-bi ma-lá li-bi-šu-ma ù-lá-pí-it mì-ma a-na a-bi-a lá ḫa-bu-lá-ku ba-a-am URUDU ša dur₄-ḫu-mì-it bu-lá-tí lu ni-al-qé-a-am-ma a ma-lá dí-in a-lim{ki} iš-tí-kà a-na a-lim{ki} lu ni-lik-ma i-na bu-lá-tí ša a-bi-ni li-ma-am lu nu-ṭá-ib-ma i-na ší-ma-tí-ni ša a-bi₄-ni ša a-lim{ki} iš-tí a-ḫi-a ù a-ḫa-tí-a <gap> ra-bi-ṣú-um <gap> (l,"<gap> his profit. Come on! Pay in accordance with the verdict of the City, and then let us go to the City. Do not obstruct me."" This is not a formal lawsuit but a witnessed questioning. ""I submit to the tablet from the City and my lord's attorney."" Ennam-Aššur said to Ababa: ""It is you who have seized me before these men and you have questioned me in court. It is you who came as an attorney, but Ali-ahum said: 'I shall question my brother <gap>' It was us that he questioned and he took our answers away to the City. When our father died in Durhumit I personally was not present, but my brother Ali-ahum took care of my father. They appropriated things illegally and my father wrote what he wished. I do not owe anything to my father. Come on, let us take the copper in Durhumit, the assets, and let us go with you to the City in accordance with the verdict of the City and let us satisfy the eponym with the assets of our father and let me discuss the testament of our father in the City with my brother and my sister <gap> the attorney <gap> The Kanesh colony gave us for these proceedings and we gave our testimony before Aššur's dagger. Witnessed by <gap> by Suen-damiq, son of Aššur-imittī.""",<gap> né-ma-al-šu ba-a-nim a ma-lá dí-in a-lim{ki} KÙ.BABBAR šu-uq-lá-ma ù a-na a-lim{ki} lu ni-lik lá tù-na-ḫa-ni lá ri-ig-ma-tum ší-bu-tum uš-kà-i-in a ṭup-pí-im ša a-lim{ki} ú ra-bi₄-ṣí-im ša be-li-a um-ma en-um-a-šur-ma a-na a-ba-ba-ma a-ta IGI a-we-li a-ni-ú-tim ta-aṣ-ba-tám-ma i-na dí-tim ta-áš-a-lá-ni a-ta ra-bi-ṣú-um i-li-kam-ma um-ma a-lá-ḫu-um-ma a-ḫi ma a bu a-ša-al ni-a-tí iš-al-ni-a-tí-ma na-pá-lá-tí-ni a-na a-lim{ki} i-ta-ba-al i-nu-mì a-bu-ni i-na dur₄-ḫu-mì-it me-tù a-na-ku lá-šu-a-ku-ma a-ḫi a-lá-ḫu-um i ri-iš a-bi-a i-zi-iz ús-ta-ki-lu-ni-ma a-bi ma-lá li-bi-šu-ma ù-lá-pí-it mì-ma a-na a-bi-a lá ḫa-bu-lá-ku ba-a-am URUDU ša dur₄-ḫu-mì-it bu-lá-tí lu ni-al-qé-a-am-ma a ma-lá dí-in a-lim{ki} iš-tí-kà a-na a-lim{ki} lu ni-lik-ma i-na bu-lá-tí ša a-bi-ni li-ma-am lu nu-ṭá-ib-ma i-na ší-ma-tí-ni ša a-bi₄-ni ša a-lim{ki} iš-tí a-ḫi-a ù a-ḫa-tí-a <gap> ra-bi-ṣú-um <gap> (l,"<gap> his profit. Come on! Pay in accordance with the verdict of the City, and then let us go to the City. Do not obstruct me."" This is not a formal lawsuit but a witnessed questioning. ""I submit to the tablet from the City and my lord's attorney."" Ennam-Aššur said to Ababa: ""It is you who have seized me before these men and you have questioned me in court. It is you who came as an attorney, but Ali-ahum said: 'I shall question my brother <gap>' It was us that he questioned and he took our answers away to the City. When our father died in Durhumit I personally was not present, but my brother Ali-ahum took care of my father. They appropriated things illegally and my father wrote what he wished. I do not owe anything to my father. Come on, let us take the copper in Durhumit, the assets, and let us go with you to the City in accordance with the verdict of the City and let us satisfy the eponym with the assets of our father and let me discuss the testament of our father in the City with my brother and my sister <gap> the attorney <gap> The Kanesh colony gave us for these proceedings and we gave our testimony before Aššur's dagger. Witnessed by <gap> by Suen-damiq, son of Aššur-imittī."""
5,5,5,,979,0,sú-in-na-da DUMU en-um-a-šùr tap-pá-i-ni a-na a-wa-tim a-ni-a-tim kà-ru-um kà-ni-iš ṣa-ḫe-er GAL i-dí-ni-a-tí-ma ší-bu-tí-ni IGI GÍR ša a-šùr ni-dí-in," Suen-nādā son of Ennam-Aššur was our (absent) partner. The plenary assembly of the Kanesh colony gave us for these proceedings, and we gave our testimony before Aššur's dagger. ",sú-in-na-da DUMU en-um-a-šùr tap-pá-i-ni a-na a-wa-tim a-ni-a-tim kà-ru-um kà-ni-iš ṣa-ḫe-er GAL i-dí-ni-a-tí-ma ší-bu-tí-ni IGI GÍR ša a-šùr ni-dí-in," Suen-nādā son of Ennam-Aššur was our (absent) partner. The plenary assembly of the Kanesh colony gave us for these proceedings, and we gave our testimony before Aššur's dagger. "
6,6,6,,983,0,a-na a-wa-tim a-ni-a-tim kà-ru-um kà-ni-iš-ki i-dí-ni-a-tí-ma IGI GÍR ša a-šùr ší-bu-tí-ni ni-dí-in i-tur₄-DINGIR DUMU a-mur-IŠTAR tap-pá-i-ni, § The Kanesh colony gave us for these proceedings and we gave our testimony before Aššur's dagger. Itūr-ilī son of Amur-Ištar was our (absent) partner. ,a-na a-wa-tim a-ni-a-tim kà-ru-um kà-ni-iš-ki i-dí-ni-a-tí-ma IGI GÍR ša a-šùr ší-bu-tí-ni ni-dí-in i-tur₄-DINGIR DUMU a-mur-IŠTAR tap-pá-i-ni, § The Kanesh colony gave us for these proceedings and we gave our testimony before Aššur's dagger. Itūr-ilī son of Amur-Ištar was our (absent) partner. 
7,7,7,,1154,0,a-na a-wa-tim a-ni-a-tim kà-ru-um kà-né-eš i-dí-ni-a-tí-ma IGI GÍR ša a-šùr ší-bu-tí-ni ni-dí-in," § The Kanesh colony gave us for these proceedings and we gave our testimony before Aššur's dagger. """,a-na a-wa-tim a-ni-a-tim kà-ru-um kà-né-eš i-dí-ni-a-tí-ma IGI GÍR ša a-šùr ší-bu-tí-ni ni-dí-in," § The Kanesh colony gave us for these proceedings and we gave our testimony before Aššur's dagger. """
8,8,8,,1160,0,a-na a-wa-tim a-ni-a-tim kà-ru-um kà-ni-iš-ki i-dí-ni-a-tí-ma ší-bu-tí-ni IGI GÍR ša a-šùr ni-dí-in," § The Kanesh colony gave us for these proceedings and we gave our testimony before Aššur's dagger. """,a-na a-wa-tim a-ni-a-tim kà-ru-um kà-ni-iš-ki i-dí-ni-a-tí-ma ší-bu-tí-ni IGI GÍR ša a-šùr ni-dí-in," § The Kanesh colony gave us for these proceedings and we gave our testimony before Aššur's dagger. """
9,9,9,,1171,0,i-nu-mì ku-ra ša-lim-a-šùr a-na ba-áb DINGIR-lim a-šu-mì KÙ.BABBAR ša ta-pá-ú-tim ša tù-um-li-a-i-um ḫa-bu-lu-ni-ma ú-šé-ri-da-šu-ni a-la-ḫu-um iš-tí be-el ed-ma-tim i-na ba-áb DINGIR-lim i-zi-iz a-na a-wa-tim a-ni-a-tim kà-ru-um kà-ni-ìš i-dí-ni-a-tí-ma ṭup-pá-um IGI GÍR ša a-šùr ba-áb DINGIR-lim ni-dí-in ,"When Kura led Šalim-Aššur to the Gate of the God because of the silver of the partnership that the man from Tumliya owed, Ali-ahum stood with the shareholders in the Gate of the God. § The Kanesh colony gave us for these proceedings, and we gave a tablet before Aššur's dagger in the Gate of the God. ",i-nu-mì ku-ra ša-lim-a-šùr a-na ba-áb DINGIR-lim a-šu-mì KÙ.BABBAR ša ta-pá-ú-tim ša tù-um-li-a-i-um ḫa-bu-lu-ni-ma ú-šé-ri-da-šu-ni a-la-ḫu-um iš-tí be-el ed-ma-tim i-na ba-áb DINGIR-lim i-zi-iz a-na a-wa-tim a-ni-a-tim kà-ru-um kà-ni-ìš i-dí-ni-a-tí-ma ṭup-pá-um IGI GÍR ša a-šùr ba-áb DINGIR-lim ni-dí-in ,"When Kura led Šalim-Aššur to the Gate of the God because of the silver of the partnership that the man from Tumliya owed, Ali-ahum stood with the shareholders in the Gate of the God. § The Kanesh colony gave us for these proceedings, and we gave a tablet before Aššur's dagger in the Gate of the God. "
10,10,10,,1178,0,a-na a-wa-tim a-ni-a-tim kà-ru-um kà-ni-iš <gap> i-dí-ni-a-tí-ma IGI GÍR ša a-šùr ṭup-pá-am ša ší-bu-tí-ni ni-dí-in," § The Kanesh colony gave us for these proceedings and we gave a tablet with our testimony before the dagger of Aššur. """,a-na a-wa-tim a-ni-a-tim kà-ru-um kà-ni-iš <gap> i-dí-ni-a-tí-ma IGI GÍR ša a-šùr ṭup-pá-am ša ší-bu-tí-ni ni-dí-in," § The Kanesh colony gave us for these proceedings and we gave a tablet with our testimony before the dagger of Aššur. """
11,11,11,,73,0,a-šùr-na-da DUMU šu-{d}EN.LÍL tap-pá-i-ni , Aššur-nādā son of Šu-Illil is our (absent) partner. ,a-šùr-na-da DUMU šu-{d}EN.LÍL tap-pá-i-ni , Aššur-nādā son of Šu-Illil is our (absent) partner. 
12,12,12,,73,1,a-na a-wa-tim a-ni-a-tim kà-ru-um kà-ni-iš i-dí-ni-a-tí-ma IGI GÍR ša a-šur ší-bu-tí-ni ni-dí-in,"The Kanesh colony gave us for these proceedings and we gave our testimony before Aššur's dagger.""",a-na a-wa-tim a-ni-a-tim kà-ru-um kà-ni-iš i-dí-ni-a-tí-ma IGI GÍR ša a-šur ší-bu-tí-ni ni-dí-in,"The Kanesh colony gave us for these proceedings and we gave our testimony before Aššur's dagger."""
13,13,13,,76,0,ša 24 ma-na KÙ.BABBAR i-dí-a-bu-um a-na a-šur-be-el-a-wa-tim ḫa-bu-lu šu-ku-bu-um me-ra-šu É-tí ša šál-ma-a-šur wa-áš-bu ik-nu-uk-ma am-tám ù ÌR-dí ú-šé-ṣí-ma i-na a-mu-tim ša É a-lim{ki} ša-lim-a-šur i-sí-ú-ma iš-tí id-na-a-šùr ad-mu-ma a-na kà-ni-iš ú-šé-bi₄-lu qá-tám ša šál-ma-a-šur šu-ku-bu-um DUMU a-šur-be-el-a-wa-tim a-na ḫu-bu-ul i-dí-a-bi₄-im il₅-qé-ma É-tí am-tám ù ÌR-dí a-na ša ki-ma šál-ma-a-šur ú-šé-er <gap> ,"Concerning the fact that Iddin-abum owes 24 minas of silver to Aššur-bēl-awātim: his son Šu-Kūbum has sealed the houses where Šalim-Aššur lives and taken out the maid and the slaves; but out of the iron that Šalim-Aššur claimed at the City Hall and which has been invested in Iddin-Aššur and which he sent to Kanesh, Šu-Kūbum son of Aššur-bēl-awātim has taken Šalim-Aššur's share to cover Iddin-abum's debt, and he has released the houses, the maid and the slaves to Šalim-Aššur's representatives. ",ša 24 ma-na KÙ.BABBAR i-dí-a-bu-um a-na a-šur-be-el-a-wa-tim ḫa-bu-lu šu-ku-bu-um me-ra-šu É-tí ša šál-ma-a-šur wa-áš-bu ik-nu-uk-ma am-tám ù ÌR-dí ú-šé-ṣí-ma i-na a-mu-tim ša É a-lim{ki} ša-lim-a-šur i-sí-ú-ma iš-tí id-na-a-šùr ad-mu-ma a-na kà-ni-iš ú-šé-bi₄-lu qá-tám ša šál-ma-a-šur šu-ku-bu-um DUMU a-šur-be-el-a-wa-tim a-na ḫu-bu-ul i-dí-a-bi₄-im il₅-qé-ma É-tí am-tám ù ÌR-dí a-na ša ki-ma šál-ma-a-šur ú-šé-er <gap> ,"Concerning the fact that Iddin-abum owes 24 minas of silver to Aššur-bēl-awātim: his son Šu-Kūbum has sealed the houses where Šalim-Aššur lives and taken out the maid and the slaves; but out of the iron that Šalim-Aššur claimed at the City Hall and which has been invested in Iddin-Aššur and which he sent to Kanesh, Šu-Kūbum son of Aššur-bēl-awātim has taken Šalim-Aššur's share to cover Iddin-abum's debt, and he has released the houses, the maid and the slaves to Šalim-Aššur's representatives. "
14,14,14,,76,1,a-na a-wa-tim a-ni-a-tim kà-ru-um kà-ni-iš i-dí-ni-a-tí-ma IGI GÍR ša a-šùr ší-bu-tí-ni ni-dí-in ,The Kanesh colony gave us for these proceedings and we gave our testimony before Aššur's dagger. ,a-na a-wa-tim a-ni-a-tim kà-ru-um kà-ni-iš i-dí-ni-a-tí-ma IGI GÍR ša a-šùr ší-bu-tí-ni ni-dí-in ,The Kanesh colony gave us for these proceedings and we gave our testimony before Aššur's dagger. 
15,15,15,,79,0,a-šùr-na-da DUMU šu-{d}EN.LÍL tap-pá-i-ni , Aššur-nādā son of Šu-Illil is our (absent) partner. ,a-šùr-na-da DUMU šu-{d}EN.LÍL tap-pá-i-ni , Aššur-nādā son of Šu-Illil is our (absent) partner. 
16,16,16,,79,1,a-na a-wa-tim a-ni-a-tim kà-ru-um kà-né-eš i-dí-ni-a-tí-ma IGI GÍR ša a-šùr ší-bu-tí-ni ni-dí-in,"The Kanesh colony gave us for these proceedings and we gave our testimony before Aššur's dagger.""",a-na a-wa-tim a-ni-a-tim kà-ru-um kà-né-eš i-dí-ni-a-tí-ma IGI GÍR ša a-šùr ší-bu-tí-ni ni-dí-in,"The Kanesh colony gave us for these proceedings and we gave our testimony before Aššur's dagger."""
17,17,17,,105,0,ša-lim-a-šùr šu-bé-lúm ù en-na-sú-in na-aṣ-bu-tù-ma um-ma šu-bé-lúm-ma a-na ša-lim-a-šùr a-na mì-nim tù-kà-al-ni-a-tí um-ma ša-lim-a-šur-ma a-na ḫu-bu-ul a-bi-ku-nu ša KÙ.BABBAR ú-ša-qí-lu ú-kà-al-ku-nu um-ma šu-bé-lúm-ma a-na ki ma-ṣí KÙ.BABBAR tù-kà-al-ni-a-tí a-na 1 GÚ-at ù 2 GÚ KÙ.BABBAR tù-kà-al-ni-a-tí um-ma ša-lim-a-šur-ma lu 1 GÚ lu 2 GÚ a ma-lá ṭup-pí ḫa-ru-mu-tim ša a-na ḫu-bu-ul a-bi-ku-nu KÙ.BABBAR ú-ša-qí-lu ú-kà-al-ku-nu ù qá-dum ṣí-ib-tí-šu a-na 5 GÚ KÙ.BABBAR i-tù-ar šu-bé-lúm uz-na-tí-ni il₅-pu-ut ša ni-iš a-lim{ki} ta-mu-ú lu-ú kà-i-lá ,"While Šalim-Aššur, Šu-Bēlum and Enna-Suen seized each other, Šu-Bēlum said to Šalim-Aššur: Why do you detain us?"" Šalim-Aššur answered: ""I detain you because of the debt of your father, for which I paid silver."" Šu-Bēlum asked: ""For how much silver do you detain us? Do you detain us for 1 talent or for 2 talents of silver?"" Šalim-Aššur answered: ""I detain you for either 1 or 2 talents according to the certified tablets, stating that I paid silver for the debt of your father. But including its interest it has become 5 talents of silver."" Šu-Bēlum reminded us: ""Keep this in mind, what was sworn by an oath by the City."" ",ša-lim-a-šùr šu-bé-lúm ù en-na-sú-in na-aṣ-bu-tù-ma um-ma šu-bé-lúm-ma a-na ša-lim-a-šùr a-na mì-nim tù-kà-al-ni-a-tí um-ma ša-lim-a-šur-ma a-na ḫu-bu-ul a-bi-ku-nu ša KÙ.BABBAR ú-ša-qí-lu ú-kà-al-ku-nu um-ma šu-bé-lúm-ma a-na ki ma-ṣí KÙ.BABBAR tù-kà-al-ni-a-tí a-na 1 GÚ-at ù 2 GÚ KÙ.BABBAR tù-kà-al-ni-a-tí um-ma ša-lim-a-šur-ma lu 1 GÚ lu 2 GÚ a ma-lá ṭup-pí ḫa-ru-mu-tim ša a-na ḫu-bu-ul a-bi-ku-nu KÙ.BABBAR ú-ša-qí-lu ú-kà-al-ku-nu ù qá-dum ṣí-ib-tí-šu a-na 5 GÚ KÙ.BABBAR i-tù-ar šu-bé-lúm uz-na-tí-ni il₅-pu-ut ša ni-iš a-lim{ki} ta-mu-ú lu-ú kà-i-lá ,"While Šalim-Aššur, Šu-Bēlum and Enna-Suen seized each other, Šu-Bēlum said to Šalim-Aššur: Why do you detain us?"" Šalim-Aššur answered: ""I detain you because of the debt of your father, for which I paid silver."" Šu-Bēlum asked: ""For how much silver do you detain us? Do you detain us for 1 talent or for 2 talents of silver?"" Šalim-Aššur answered: ""I detain you for either 1 or 2 talents according to the certified tablets, stating that I paid silver for the debt of your father. But including its interest it has become 5 talents of silver."" Šu-Bēlum reminded us: ""Keep this in mind, what was sworn by an oath by the City."" "
18,18,18,,105,1,a-na a-wa-tim a-ni-a-tim kà-ru-um kà-ni-iš i-dí-ni-a-tí-ma IGI GÍR ša a-šùr ší-bu-tí-ni ni-dí-in ,The Kanesh colony gave us for these proceedings and we gave our testimony before Aššur's dagger. ,a-na a-wa-tim a-ni-a-tim kà-ru-um kà-ni-iš i-dí-ni-a-tí-ma IGI GÍR ša a-šùr ší-bu-tí-ni ni-dí-in ,The Kanesh colony gave us for these proceedings and we gave our testimony before Aššur's dagger. 
19,19,19,,110,0,ša-lim-a-šùr a-na a-mur-IŠTAR ú-ṭá-ḫi-ni-a-tí-ma um-ma ša-lim-a-šùr-ma mì-šu-um ší-im 10 TÚG ku-ta-ni ša kà-ru-um dur₄-ḫu-mì-it a-dí-nu tal-qé um-ma a-mur-IŠTAR-ma ke-na 4 GÚ URUDU lá-mu-na-am al-qé um-ma ša-lim-a-šùr-ma ú-lá a-kà-lá-ma ta-al-qé um-ma a-mur-IŠTAR-ma a-ta-ba lu-qú-tí lá ta-aṣ-ba-at um-ma ša-lim-a-šùr-ma mì-ma lu-qú-ut-kà ú-lá aṣ-ba-at um-ma a-mur-IŠTAR-ma qá-i ÌR li-li-kam um-ma ša-lim-a-šùr-ma ma li-li-kam i-na pí-i ÌR-dí-kà-ma i-a-tí ta-a-ḫi-ta-ni lu qá-i um-ma ša-lim-a-šùr-ma ù KÙ.BABBAR ša a-šu-mì i-dí-a-bi₄-im ša ta-al-qé-ú ṭup-pá-am ḫa-ar-ma-am ú-kà-lu lu a-ḫu-ra ,"Šalim-Aššur made us approach Amur-Ištar and Šalim-Aššur said: ""Why have you taken the proceeds from 10 kutānu-textiles that I sold in the Durhumit colony?"" Amur-Ištar said: ""Yes, I have taken 4 talents of copper of poor quality."" Šalim-Aššur said: ""I hold nothing, yet you have taken it."" Amur-Ištar said: ""It is not you who have taken my merchandise?"" Šalim-Aššur answered: ""I have taken none of your merchandise."" Amur-Ištar then said: ""Wait until the slave has come here."" Šalim-Aššur said: ""Sure, let him come. Then it will be me you can pressure on the basis of what your own slave says."" ""Do wait!"" Šalim-Aššur continued: ""And for the silver that you have taken concerning Iddin-abum I hold the certified tablet. That remains."" ",ša-lim-a-šùr a-na a-mur-IŠTAR ú-ṭá-ḫi-ni-a-tí-ma um-ma ša-lim-a-šùr-ma mì-šu-um ší-im 10 TÚG ku-ta-ni ša kà-ru-um dur₄-ḫu-mì-it a-dí-nu tal-qé um-ma a-mur-IŠTAR-ma ke-na 4 GÚ URUDU lá-mu-na-am al-qé um-ma ša-lim-a-šùr-ma ú-lá a-kà-lá-ma ta-al-qé um-ma a-mur-IŠTAR-ma a-ta-ba lu-qú-tí lá ta-aṣ-ba-at um-ma ša-lim-a-šùr-ma mì-ma lu-qú-ut-kà ú-lá aṣ-ba-at um-ma a-mur-IŠTAR-ma qá-i ÌR li-li-kam um-ma ša-lim-a-šùr-ma ma li-li-kam i-na pí-i ÌR-dí-kà-ma i-a-tí ta-a-ḫi-ta-ni lu qá-i um-ma ša-lim-a-šùr-ma ù KÙ.BABBAR ša a-šu-mì i-dí-a-bi₄-im ša ta-al-qé-ú ṭup-pá-am ḫa-ar-ma-am ú-kà-lu lu a-ḫu-ra ,"Šalim-Aššur made us approach Amur-Ištar and Šalim-Aššur said: ""Why have you taken the proceeds from 10 kutānu-textiles that I sold in the Durhumit colony?"" Amur-Ištar said: ""Yes, I have taken 4 talents of copper of poor quality."" Šalim-Aššur said: ""I hold nothing, yet you have taken it."" Amur-Ištar said: ""It is not you who have taken my merchandise?"" Šalim-Aššur answered: ""I have taken none of your merchandise."" Amur-Ištar then said: ""Wait until the slave has come here."" Šalim-Aššur said: ""Sure, let him come. Then it will be me you can pressure on the basis of what your own slave says."" ""Do wait!"" Šalim-Aššur continued: ""And for the silver that you have taken concerning Iddin-abum I hold the certified tablet. That remains."" "
20,20,20,,110,1,a-na a-wa-tim a-ni-a-tim kà-ru-um kà-ni-iš i-dí-ni-a-tí-ma IGI GÍR ša a-šùr ší-bu-tí-ni ni-dí-in ,The Kanesh colony gave us for these proceedings and we gave our testimony before Aššur's dagger. ,a-na a-wa-tim a-ni-a-tim kà-ru-um kà-ni-iš i-dí-ni-a-tí-ma IGI GÍR ša a-šùr ší-bu-tí-ni ni-dí-in ,The Kanesh colony gave us for these proceedings and we gave our testimony before Aššur's dagger. 
21,21,21,,140,0,um-ma me-er-ú i-dí-a-bi₄-im-ma a-na ša-lim-a-šùr-ma a-na a-i-tim tù-kà-al-ni-a-tí lá-mì-id-ni-a-tí um-ma ša-lim-a-šur-ma 43 ma-na KÙ.BABBAR i-na a-lim{ki} i-na na-ru-qí-a i-na KÙ.BABBAR a-ḫi-e-em i-na pí-i i-sú-rik₁₃ ḫu-bu-ul a-bi-ku-nu áš-qúl qá-ta-tum a-na-ku KÙ.BABBAR ù ṣí-ba-sú ú ṣí-ba-at ṣí-ib-tim a-šé-e-ku-nu a-na a-ni-tim ú-kà-al-ku-nu ù a-ḫa-ma 8 ma-na KÙ.BABBAR šu-bé-lúm ša-al-ṭí ša i-na ḫa-ḫi-im il₅-qé-ú šu-be-lam₅ we-dí-šu-ma a-šé-e ù ṭup-pì-a ša GÁN-lim a-mar-ma KÙ.BABBAR ma-lá ḫu-bu-ul a-bi-ku-nu ú-ša-qí-lu-ú ù ma-lá KÙ.BABBAR-áp a-bi₄-ku-nu al-qé-ú ú-ra-am a-qá-bi-a-ku-nu-tí ,"The sons of Iddin-abum said as follows to Šalim-Aššur: For which things do you detain us? Inform us!"" Šalim-Aššur answered: ""I paid 43 minas of silver in the City from my joint-stock capital out of silver not my own on the order of Issu-arik to cover your father's debt. I am the guarantor: I sue you for the silver, the interest and the compound interest. For these things I detain you. Furthermore, 8 minas of silver, my funds, that Šu-Bēlum took in hahhum, for that I sue Šu-Bēlum alone. So, I shall check my tablets that are in Anatolia, and tomorrow I shall tell you how much silver I have paid for your father's debt, and how much silver belonging to your father I have received."" ",um-ma me-er-ú i-dí-a-bi₄-im-ma a-na ša-lim-a-šùr-ma a-na a-i-tim tù-kà-al-ni-a-tí lá-mì-id-ni-a-tí um-ma ša-lim-a-šur-ma 43 ma-na KÙ.BABBAR i-na a-lim{ki} i-na na-ru-qí-a i-na KÙ.BABBAR a-ḫi-e-em i-na pí-i i-sú-rik₁₃ ḫu-bu-ul a-bi-ku-nu áš-qúl qá-ta-tum a-na-ku KÙ.BABBAR ù ṣí-ba-sú ú ṣí-ba-at ṣí-ib-tim a-šé-e-ku-nu a-na a-ni-tim ú-kà-al-ku-nu ù a-ḫa-ma 8 ma-na KÙ.BABBAR šu-bé-lúm ša-al-ṭí ša i-na ḫa-ḫi-im il₅-qé-ú šu-be-lam₅ we-dí-šu-ma a-šé-e ù ṭup-pì-a ša GÁN-lim a-mar-ma KÙ.BABBAR ma-lá ḫu-bu-ul a-bi-ku-nu ú-ša-qí-lu-ú ù ma-lá KÙ.BABBAR-áp a-bi₄-ku-nu al-qé-ú ú-ra-am a-qá-bi-a-ku-nu-tí ,"The sons of Iddin-abum said as follows to Šalim-Aššur: For which things do you detain us? Inform us!"" Šalim-Aššur answered: ""I paid 43 minas of silver in the City from my joint-stock capital out of silver not my own on the order of Issu-arik to cover your father's debt. I am the guarantor: I sue you for the silver, the interest and the compound interest. For these things I detain you. Furthermore, 8 minas of silver, my funds, that Šu-Bēlum took in hahhum, for that I sue Šu-Bēlum alone. So, I shall check my tablets that are in Anatolia, and tomorrow I shall tell you how much silver I have paid for your father's debt, and how much silver belonging to your father I have received."" "
22,22,22,,140,1,a-na a-wa-tim a-ni-a-tim kà-ru-um kà-ni-iš i-dí-ni-a-tí-ma IGI GÍR ša a-šùr ší-bu-tí-ni ni-dí-in ,The Kanesh colony gave us for these proceedings and we gave our testimony before Aššur's dagger. ,a-na a-wa-tim a-ni-a-tim kà-ru-um kà-ni-iš i-dí-ni-a-tí-ma IGI GÍR ša a-šùr ší-bu-tí-ni ni-dí-in ,The Kanesh colony gave us for these proceedings and we gave our testimony before Aššur's dagger. 
23,23,23,,418,0,ra-bi-ṣú-um ša É ša-lim-a-šur a-na en-um-a-šùr ú a-lá-ḫi-im me-er-e ša-lim-a-šùr iṣ-ba-at-ni-a-tí-ma um-ma ra-bi-ṣú-um-ma iš-tù ITU-<gap>-KAM a-li-kam-ma tù-na-a-ni ú iš-tù ITU.2.KAM um-me-a-nu a-bi-ku-nu <gap> na-áš-pé-er-tám i-<gap> wa-šu-ri-im ú-kà-<gap> tù-na-ni-ma a-lá+lá-<gap> pí-a ša ni-iš a-lim{ki} ú ru-ba-im ta-mu-ú lu ú-kà-al ba-a-nim {d}UTU 1 u₄-ma-am a-nim a-šar URUDU ú KÙ.BABBAR ša a-bi-ku-nu ú-kà-lu-ni kà-li-ma-ni lu-šé-ra-ku-nu-tí lá tù-na-a-ni-ma KÙ.BABBAR 12 ma-na lá tù-ša-ag-me-ra-ni lá ri-ig-ma-tum ší-bu-tum ra-bi-ṣú-um iṣ-ba-at-ni-a-tí-ma um-ma en-um-a-šùr-ma uš-kà-in a-na ší-pár be-lí-a ba-a-am mì <gap> dur₄-ḫu-mì-it lu nu-pá-ḫi-ir-ma lu nu-ṣí lá tù-na-ḫa-ni um-ma a-lá-ḫu-um-ma a-pu-tí-a a-ba-ba e-pu-ul-ma a-na dur₄-ḫu-mì-it ú-lá a-lá-ak ba-a-am <gap> tám-kà-ru <gap> ba-a-am <gap> ,"The attorney of Šalim-Aššur's firm seized us against Ennam-Aššur and Ali-ahum, Šalim-Aššur's sons, and the attorney said: I came here <gap> months ago and you cheat me! Also, for 2 months your father's investors <gap> the missive <gap> release <gap> Keep in mind what was sworn by the City and the king! Come, show me this very day where they keep your father's copper and silver! I shall release it for you. Do not cheat me lest I have an extra expense of at least 12 minas of silver."" This is not a formal lawsuit but a witnessed statement. The attorney seized us and Ennam-Aššur answered: ""I submit to the messenger of my lord. Come, <gap> let us collect <gap> in Durhumit so let us leave! Do not obstruct me."" Ali-ahum said: ""I answered Ababa right away, and I shall not go to Durhumit. Come, <gap> customers <gap> Come, <gap>"" ",ra-bi-ṣú-um ša É ša-lim-a-šur a-na en-um-a-šùr ú a-lá-ḫi-im me-er-e ša-lim-a-šùr iṣ-ba-at-ni-a-tí-ma um-ma ra-bi-ṣú-um-ma iš-tù ITU-<gap>-KAM a-li-kam-ma tù-na-a-ni ú iš-tù ITU.2.KAM um-me-a-nu a-bi-ku-nu <gap> na-áš-pé-er-tám i-<gap> wa-šu-ri-im ú-kà-<gap> tù-na-ni-ma a-lá+lá-<gap> pí-a ša ni-iš a-lim{ki} ú ru-ba-im ta-mu-ú lu ú-kà-al ba-a-nim {d}UTU 1 u₄-ma-am a-nim a-šar URUDU ú KÙ.BABBAR ša a-bi-ku-nu ú-kà-lu-ni kà-li-ma-ni lu-šé-ra-ku-nu-tí lá tù-na-a-ni-ma KÙ.BABBAR 12 ma-na lá tù-ša-ag-me-ra-ni lá ri-ig-ma-tum ší-bu-tum ra-bi-ṣú-um iṣ-ba-at-ni-a-tí-ma um-ma en-um-a-šùr-ma uš-kà-in a-na ší-pár be-lí-a ba-a-am mì <gap> dur₄-ḫu-mì-it lu nu-pá-ḫi-ir-ma lu nu-ṣí lá tù-na-ḫa-ni um-ma a-lá-ḫu-um-ma a-pu-tí-a a-ba-ba e-pu-ul-ma a-na dur₄-ḫu-mì-it ú-lá a-lá-ak ba-a-am <gap> tám-kà-ru <gap> ba-a-am <gap> ,"The attorney of Šalim-Aššur's firm seized us against Ennam-Aššur and Ali-ahum, Šalim-Aššur's sons, and the attorney said: I came here <gap> months ago and you cheat me! Also, for 2 months your father's investors <gap> the missive <gap> release <gap> Keep in mind what was sworn by the City and the king! Come, show me this very day where they keep your father's copper and silver! I shall release it for you. Do not cheat me lest I have an extra expense of at least 12 minas of silver."" This is not a formal lawsuit but a witnessed statement. The attorney seized us and Ennam-Aššur answered: ""I submit to the messenger of my lord. Come, <gap> let us collect <gap> in Durhumit so let us leave! Do not obstruct me."" Ali-ahum said: ""I answered Ababa right away, and I shall not go to Durhumit. Come, <gap> customers <gap> Come, <gap>"" "
24,24,24,,418,1,a-na a-wa-tim a-ni-a-tim kà-ru-um kà-ni-iš i-dí-ni-a-tí-ma IGI GÍR ša a-šùr ší-bu-tí-ni,"The Kanesh colony gave us for these proceedings and we gave our testimony before Aššur's dagger. Witnessed by Kuzilānum, by Aššur-rabi; Nimmar-Adad was our (absent) partner.""",a-na a-wa-tim a-ni-a-tim kà-ru-um kà-ni-iš i-dí-ni-a-tí-ma IGI GÍR ša a-šùr ší-bu-tí-ni,"The Kanesh colony gave us for these proceedings and we gave our testimony before Aššur's dagger. Witnessed by Kuzilānum, by Aššur-rabi; Nimmar-Adad was our (absent) partner."""
25,26,26,,698,1,a-na a-wa-tim a-ni-a-tim kà-ru-um kà-ni-iš i-dí-ni-a-tí-ma ṭup-pá-am ší-bu-tí-ni IGI GÍR ša a-šùr ni-dí-in,The Kanesh colony gave us for these proceedings and we gave our testimony before Aššur's dagger.,a-na a-wa-tim a-ni-a-tim kà-ru-um kà-ni-iš i-dí-ni-a-tí-ma ṭup-pá-am ší-bu-tí-ni IGI GÍR ša a-šùr ni-dí-in,The Kanesh colony gave us for these proceedings and we gave our testimony before Aššur's dagger.
26,28,28,,703,1,a-na a-wa-tim a-ni-a-tim kà-ru-um kà-ni-iš-ki i-dí-ni-a-tí-ma IGI GÍR ša a-šùr ší-bu-tí-ni ni-dí-in,The Kanesh colony gave us for these proceedings and we gave our testimony before Aššur's dagger.,a-na a-wa-tim a-ni-a-tim kà-ru-um kà-ni-iš-ki i-dí-ni-a-tí-ma IGI GÍR ša a-šùr ší-bu-tí-ni ni-dí-in,The Kanesh colony gave us for these proceedings and we gave our testimony before Aššur's dagger.
27,29,29,,953,0,a-šùr-na-da DUMU šu-{d}EN.LÍL tap-pá-i-ni , Aššur-nādā son of Šu-Illil is our (absent) partner. ,a-šùr-na-da DUMU šu-{d}EN.LÍL tap-pá-i-ni , Aššur-nādā son of Šu-Illil is our (absent) partner. 
28,30,30,,953,1,a-na a-wa-tim a-ni-a-tim kà-ru-um kà-ni-iš i-dí-ni-a-tí-ma IGI GÍR ša a-šùr ší-bu-tí-ni ni-dí-in,The Kanesh colony gave us for these proceedings and we gave our testimony before Aššur's dagger. ,a-na a-wa-tim a-ni-a-tim kà-ru-um kà-ni-iš i-dí-ni-a-tí-ma IGI GÍR ša a-šùr ší-bu-tí-ni ni-dí-in,The Kanesh colony gave us for these proceedings and we gave our testimony before Aššur's dagger. 
29,31,31,,961,0,{d}IM.GAL DUMU bu-zi tap-pá-i-ni , Adad-rabi son of Buzi was our (absent) partner. ,{d}IM.GAL DUMU bu-zi tap-pá-i-ni , Adad-rabi son of Buzi was our (absent) partner. 
30,32,32,,961,1,a-na a-wa-tim a-ni-a-tim kà-ru-um kà-ni-iš i-dí-ni-a-tí-ma ṭup-pá-am ší-bu-tí-ni IGI GÍR ša a-šùr ni-dí-in,The Kanesh colony gave us for these proceedings and we gave a tablet with our testimony before Aššur's dagger. ,a-na a-wa-tim a-ni-a-tim kà-ru-um kà-ni-iš i-dí-ni-a-tí-ma ṭup-pá-am ší-bu-tí-ni IGI GÍR ša a-šùr ni-dí-in,The Kanesh colony gave us for these proceedings and we gave a tablet with our testimony before Aššur's dagger. 
31,33,33,,1027,0,en-um-a-šùr a-na a-lá-ḫi-im iṣ-ba-at-ni-a-tí-ma um-ma en-um-a-šùr-ma a-na a-lá-ḫi-im-ma al-kam lá-áš-a-al-kà um-ma a-lá-ḫu-um-ma a-na mì-nim ta-ša-a-lá-ni um-ma en-um-a-šùr-ma a-na ta-aḫ-sí-sá-tim ša a-na-ku ù a-ta ni-kà-sí ni-sí-ú i ku-nu-ki-kà ù ku-nu-ki-a kà-an-kà-ni ik-ra-ni ú-lá kà-i-na-ni um-ma a-lá-ḫu-um-ma ta-aḫ-sí-sá-tim ša ku-nu-ki-a ú ku-nu-ki-kà kà-an-kà-ni ke-na ku-nu-ku-a lá a-na-ki-ir um-ma en-um-a-šur-ma ša ni-iš a-lim{ki} <gap> ta-mu-ú kà-i-lá <gap> a-na a-lim{ki} ú be-lí-a a-wa-tí bi₄-lá ,"Ennam-Aššur seized us against Ali-ahum and said to Ali-ahum: Come, let me question you!"" Ali-ahum answered: ""Why do you want to question me?"" Ennam-Aššur said: ""About the memoranda stating that I and you settled accounts. Contest or confirm to me that they are sealed by you and me."" Ali-ahum answered: ""As to the memoranda sealed by me and by you - yes, I do not contest my seal."" Ennam-Aššur said: ""Keep in mind what was sworn by the City! Bring my case to the City assembly and my lord."" ",en-um-a-šùr a-na a-lá-ḫi-im iṣ-ba-at-ni-a-tí-ma um-ma en-um-a-šùr-ma a-na a-lá-ḫi-im-ma al-kam lá-áš-a-al-kà um-ma a-lá-ḫu-um-ma a-na mì-nim ta-ša-a-lá-ni um-ma en-um-a-šùr-ma a-na ta-aḫ-sí-sá-tim ša a-na-ku ù a-ta ni-kà-sí ni-sí-ú i ku-nu-ki-kà ù ku-nu-ki-a kà-an-kà-ni ik-ra-ni ú-lá kà-i-na-ni um-ma a-lá-ḫu-um-ma ta-aḫ-sí-sá-tim ša ku-nu-ki-a ú ku-nu-ki-kà kà-an-kà-ni ke-na ku-nu-ku-a lá a-na-ki-ir um-ma en-um-a-šur-ma ša ni-iš a-lim{ki} <gap> ta-mu-ú kà-i-lá <gap> a-na a-lim{ki} ú be-lí-a a-wa-tí bi₄-lá ,"Ennam-Aššur seized us against Ali-ahum and said to Ali-ahum: Come, let me question you!"" Ali-ahum answered: ""Why do you want to question me?"" Ennam-Aššur said: ""About the memoranda stating that I and you settled accounts. Contest or confirm to me that they are sealed by you and me."" Ali-ahum answered: ""As to the memoranda sealed by me and by you - yes, I do not contest my seal."" Ennam-Aššur said: ""Keep in mind what was sworn by the City! Bring my case to the City assembly and my lord."" "
32,34,34,,1027,1,a-na a-wa-tim a-ni-a-tím kà-ru-um kà-ni-iš i-dí-ni-a-tí-ma IGI GÍR ša a-šùr ší-bu-tí-ni ni-dí-in ,The Kanesh colony gave us for these proceedings and we gave our testimony before Aššur's dagger. ,a-na a-wa-tim a-ni-a-tím kà-ru-um kà-ni-iš i-dí-ni-a-tí-ma IGI GÍR ša a-šùr ší-bu-tí-ni ni-dí-in ,The Kanesh colony gave us for these proceedings and we gave our testimony before Aššur's dagger. 
33,35,35,,1066,0,ša ki-ma i-dí-a-šùr DUMU ku-bi₄-dí ù ku-la É i-dí-a-bi₄-im a-na ḫu-bu-ul i-dí-a-bi₄-im ik-nu-ku-ma am-tám ù ÌR uš-té-ṣí-ú i-na šál-ší-im ú-mì-im a-šur-i-mì-tí DUMU a-mur-DINGIR ša ki-ma šál-ma-a-šur 17 ma-na KÙ.BABBAR a-na ṣí-ib-tim il₅-qé-ma a-na ḫu-bu-ul i-dí-a-bi₄-im a-na ša ki-ma i-dí-a-šùr ù ku-lá a-lá-ḫu-um DUMU i-dí-sú-en li-ba-a DUMU ú-zu-a ù šu-be-lúm DUMU šál-ma-a-šur iš-qúl-ma É-tí am-tám ù ÌR ša i-dí-a-bi₄-im a-na a-šur-i-mì-tí DUMU a-mur-DINGIR ša ki-ma šál-ma-a-šùr ú-šé-ru ,"The representatives of Iddin-Aššur son of Kūbi-idī and Kula sealed Iddin-abum's house because of Iddin-abum's debt, and they brought out the maid and slave. On the third day Aššur-imittī son of Amur-ilī, Šalim-Aššur's representative, borrowed 17 minas of silver against interest and paid it to cover Iddin-abum's debt to the representatives of Iddin-Aššur and Kula: Alāhum son of Iddin-Suen, Libbaya son of Uzuwa and Šu-Bēlum son of Šalim-Aššur, and they released Iddin-abum's houses, maid and slave to Aššur-imittī son of Amur-ilī, Šalim-Aššur's representative. ",ša ki-ma i-dí-a-šùr DUMU ku-bi₄-dí ù ku-la É i-dí-a-bi₄-im a-na ḫu-bu-ul i-dí-a-bi₄-im ik-nu-ku-ma am-tám ù ÌR uš-té-ṣí-ú i-na šál-ší-im ú-mì-im a-šur-i-mì-tí DUMU a-mur-DINGIR ša ki-ma šál-ma-a-šur 17 ma-na KÙ.BABBAR a-na ṣí-ib-tim il₅-qé-ma a-na ḫu-bu-ul i-dí-a-bi₄-im a-na ša ki-ma i-dí-a-šùr ù ku-lá a-lá-ḫu-um DUMU i-dí-sú-en li-ba-a DUMU ú-zu-a ù šu-be-lúm DUMU šál-ma-a-šur iš-qúl-ma É-tí am-tám ù ÌR ša i-dí-a-bi₄-im a-na a-šur-i-mì-tí DUMU a-mur-DINGIR ša ki-ma šál-ma-a-šùr ú-šé-ru ,"The representatives of Iddin-Aššur son of Kūbi-idī and Kula sealed Iddin-abum's house because of Iddin-abum's debt, and they brought out the maid and slave. On the third day Aššur-imittī son of Amur-ilī, Šalim-Aššur's representative, borrowed 17 minas of silver against interest and paid it to cover Iddin-abum's debt to the representatives of Iddin-Aššur and Kula: Alāhum son of Iddin-Suen, Libbaya son of Uzuwa and Šu-Bēlum son of Šalim-Aššur, and they released Iddin-abum's houses, maid and slave to Aššur-imittī son of Amur-ilī, Šalim-Aššur's representative. "
34,36,36,,1066,1,a-na a-wa-tim a-ni-a-tim kà-ru-um kà-né-eš i-dí-ni-a-tí-ma ṭup-pá-am ša ší-bu-tí-ni IGI GÍR ša a-šùr ni-dí-in ,"The Kanesh colony gave us for these proceedings, and we gave a tablet with our testimony before Aššur's dagger. ",a-na a-wa-tim a-ni-a-tim kà-ru-um kà-né-eš i-dí-ni-a-tí-ma ṭup-pá-am ša ší-bu-tí-ni IGI GÍR ša a-šùr ni-dí-in ,"The Kanesh colony gave us for these proceedings, and we gave a tablet with our testimony before Aššur's dagger. "
35,37,37,,1093,0,i-sú-ri-ik a-na a-lim{ki} i-lá-ak-ma É-tí-šu ša bu-ri-im a-šar a-ni ša-lim-a-šùr wa-áš-bu-ni a-na tù-ud-ḫi-li-a a-ḫu tù-li a-na ší-mì-im i-dí-šu-nu ,"As Issu-arik will go to the City, he sold his houses by the well, where at present Šalim-Aššur is living, to Tudhiliya the brother of Tuli. ",i-sú-ri-ik a-na a-lim{ki} i-lá-ak-ma É-tí-šu ša bu-ri-im a-šar a-ni ša-lim-a-šùr wa-áš-bu-ni a-na tù-ud-ḫi-li-a a-ḫu tù-li a-na ší-mì-im i-dí-šu-nu ,"As Issu-arik will go to the City, he sold his houses by the well, where at present Šalim-Aššur is living, to Tudhiliya the brother of Tuli. "
36,38,38,,1093,1,a-na a-wa-tim a-ni-a-tim kà-ru-um kà-ni-iš i-dí-ni-a-tí-ma ṭup-pá-am ší-bu-tí-ni IGI GÍR ša a-šùr ni-dí-in ,"The Kanesh colony gave us for these proceedings, and we gave a tablet with our testimony before the dagger of Aššur. ",a-na a-wa-tim a-ni-a-tim kà-ru-um kà-ni-iš i-dí-ni-a-tí-ma ṭup-pá-am ší-bu-tí-ni IGI GÍR ša a-šùr ni-dí-in ,"The Kanesh colony gave us for these proceedings, and we gave a tablet with our testimony before the dagger of Aššur. "
37,39,39,,1132,0,ša-lim-a-šùr ù šu-be-lúm iṣ-bu-tù-ni-a-tí-ma um-ma šu-be-lúm-ma a-na ša-lim-a-šùr-ma a-bi a-ta a-na É a-bi-a a-na mì-ma a-na a-wa-tí-kà ga-ma-ri-im a-li-kam i-a-tí i pá-ni a-ḫi-e-a KÙ.BABBAR ša ta-da-nim dí-nam um-ma ša-lim-a-šùr-ma 15 ma-na KÙ.BABBAR a-ma i-na pá-ni a-ḫe-kà ta-lá-qé a-ma bu-zu-a qá-ta-tù-a um-ma ša-lim-a-šur-ma i-na ga-ma-ar a-wa-tim ki-ma ku-a-tí ma-nam tù-šé-ša-áb um-ma šu-be-lúm-ma bu-zu-a ù a-gi-a ki-ma i-a-tí ú-šé-ša-áb KÙ.BABBAR ša i pá-ni a-ḫe-e-a ta-da-na-ni KÙ.BABBAR 2 ší-na KÙ.BABBAR lu-ṣa-ḫi-ru-ni-kum um-ma ša-lim-a-šùr-ma šu-ma-ba bu-zu-a ù a-gi-a i-na ga-ma-ar a-wa-tim lá tù-uš-té-ší-ib um-ma šu-be-lúm-ma šu-ma bu-zu-a ù a-gi-a-a i-ga-ma-ar a-wa-tim lá uš-té-ší-ib a-na 5 ma-na KÙ.BABBAR ša bu-zu-a e-pu-li-ni mì-ma lá ta-da-nam ,"Šalim-Aššur and Šu-Bēlum seized us and Šu-Bēlum said to Šalim-Aššur: You are my father, I have come to conclude your case about everything relating to my paternal house. Give me what silver there is to give before my brothers."" Šalim-Aššur answered: ""You will indeed receive 15 minas of silver before your brothers."" ""Now, Buzuwa is my guarantor."" Šalim-Aššur continued: ""At the conclusion of the matter who will you have sit down on your behalf?"" Šu-Bēlum answered: ""I shall have Buzuwa and Agiya sit down for me. The silver that you will give me before my brothers, those two will deduct that silver for you."" Šalim-Aššur said: ""And if indeed you have not had Buzuwa and Agiya sit down when the case is concluded?"" Šu-Bēlum answered: ""If I have not had Buzuwa and Agiya sit down at the conclusion of the case, you shall not give me anything for the 5 minas of silver that Buzuwa balanced for me."" ",ša-lim-a-šùr ù šu-be-lúm iṣ-bu-tù-ni-a-tí-ma um-ma šu-be-lúm-ma a-na ša-lim-a-šùr-ma a-bi a-ta a-na É a-bi-a a-na mì-ma a-na a-wa-tí-kà ga-ma-ri-im a-li-kam i-a-tí i pá-ni a-ḫi-e-a KÙ.BABBAR ša ta-da-nim dí-nam um-ma ša-lim-a-šùr-ma 15 ma-na KÙ.BABBAR a-ma i-na pá-ni a-ḫe-kà ta-lá-qé a-ma bu-zu-a qá-ta-tù-a um-ma ša-lim-a-šur-ma i-na ga-ma-ar a-wa-tim ki-ma ku-a-tí ma-nam tù-šé-ša-áb um-ma šu-be-lúm-ma bu-zu-a ù a-gi-a ki-ma i-a-tí ú-šé-ša-áb KÙ.BABBAR ša i pá-ni a-ḫe-e-a ta-da-na-ni KÙ.BABBAR 2 ší-na KÙ.BABBAR lu-ṣa-ḫi-ru-ni-kum um-ma ša-lim-a-šùr-ma šu-ma-ba bu-zu-a ù a-gi-a i-na ga-ma-ar a-wa-tim lá tù-uš-té-ší-ib um-ma šu-be-lúm-ma šu-ma bu-zu-a ù a-gi-a-a i-ga-ma-ar a-wa-tim lá uš-té-ší-ib a-na 5 ma-na KÙ.BABBAR ša bu-zu-a e-pu-li-ni mì-ma lá ta-da-nam ,"Šalim-Aššur and Šu-Bēlum seized us and Šu-Bēlum said to Šalim-Aššur: You are my father, I have come to conclude your case about everything relating to my paternal house. Give me what silver there is to give before my brothers."" Šalim-Aššur answered: ""You will indeed receive 15 minas of silver before your brothers."" ""Now, Buzuwa is my guarantor."" Šalim-Aššur continued: ""At the conclusion of the matter who will you have sit down on your behalf?"" Šu-Bēlum answered: ""I shall have Buzuwa and Agiya sit down for me. The silver that you will give me before my brothers, those two will deduct that silver for you."" Šalim-Aššur said: ""And if indeed you have not had Buzuwa and Agiya sit down when the case is concluded?"" Šu-Bēlum answered: ""If I have not had Buzuwa and Agiya sit down at the conclusion of the case, you shall not give me anything for the 5 minas of silver that Buzuwa balanced for me."" "
38,40,40,,1132,1,a-na a-wa-tim a-ni-a-tim kà-ru-um kà-ni-iš i-dí-ni-a-tí-ma IGI GÍR ša a-šùr ší-bu-tí-ni ni-dí-in ,"The Kanesh colony gave us for these proceedings, and we gave our testimony before Aššur's dagger. ",a-na a-wa-tim a-ni-a-tim kà-ru-um kà-ni-iš i-dí-ni-a-tí-ma IGI GÍR ša a-šùr ší-bu-tí-ni ni-dí-in ,"The Kanesh colony gave us for these proceedings, and we gave our testimony before Aššur's dagger. "
39,41,41,,1161,0,ša-lim-a-šùr iṣ-ba-at-ni-a-tí-ma um-ma šu-ut-ma a-na šu-bé-lim ù en-na-sú-in-ma KÙ.BABBAR 1 GÚ ù 2 GÚ a-na ḫu-bu-ul a-bi-ku-nu i-na na-ru-qí-a ú-ša-qí-il₅ ba-a-nim ṭup-pé-e ša ḫu-bu-ul a-bi-ku-nu am-ra-ma KÙ.BABBAR-pí šu-uq-lá-nim um-ma šu-nu-ma ṭup-pu ú ma-aḫ-ru-ú ša a-bi-ni i-na ku-nu-uk šu-{d}EN.LÍL a-mur-IŠTAR ù šu-a-nim kà-an-ku-ma i-na a-lim{ki} i-ba-ší-ú šu-ma-ba i li-bi a-bi-ni ta-áb-tù-ra-am šál-ma-am i-na a-lim{ki} la-qá-am la ta-mu-a um-ma ša-lim-a-šùr-ma a-na šu-be-lim KÙ.BABBAR ša GÁN-lim a-na-ku pá-ḫu-ra-am qá-bi-a-ku mì-šu-um iš-tí DUMU da-da KÙ.BABBAR i ḫa-ḫi-im tal-qé um-ma šu-be-lúm-ma ke-na al-qé ù en-na-sú-in iš-a-al-ma um-ma šu-ut-ma mì-šu-ú i tí-me-el-ki-a KÙ.BABBAR tal-qé um-ma šu-ut-ma šu-ma al-qé a-da-gal-šu lá i-ba-ší ,"Šalim-Aššur seized us and said to Šu-Bēlum and Enna-Suen: I have paid some 1 or 2 talents of silver for your father's debt out of my joint-stock capital. Come on, look at the tablets concerning your father's debt and pay me my silver."" They said: ""Our father's tablets and copies were sealed with the seals of Šu-Illil, Amur-Ištar and Šu-Anum, and they are in the City. If indeed you can establish anything as owed by our father, will you refuse to take the full amount in the City?"" Šalim-Aššur answered Šu-Bēlum: ""I have personally promised to collect the silver that is abroad. Why have you taken silver from Dada's son in hahhum?"" Šu-Bēlum answered: ""Yes, I took it."" So he asked Enna-Suen, saying: ""Why have you taken silver in Timel-kiya?"" He answered: ""I shall look whether I took any, but there is nothing."" § ",ša-lim-a-šùr iṣ-ba-at-ni-a-tí-ma um-ma šu-ut-ma a-na šu-bé-lim ù en-na-sú-in-ma KÙ.BABBAR 1 GÚ ù 2 GÚ a-na ḫu-bu-ul a-bi-ku-nu i-na na-ru-qí-a ú-ša-qí-il₅ ba-a-nim ṭup-pé-e ša ḫu-bu-ul a-bi-ku-nu am-ra-ma KÙ.BABBAR-pí šu-uq-lá-nim um-ma šu-nu-ma ṭup-pu ú ma-aḫ-ru-ú ša a-bi-ni i-na ku-nu-uk šu-{d}EN.LÍL a-mur-IŠTAR ù šu-a-nim kà-an-ku-ma i-na a-lim{ki} i-ba-ší-ú šu-ma-ba i li-bi a-bi-ni ta-áb-tù-ra-am šál-ma-am i-na a-lim{ki} la-qá-am la ta-mu-a um-ma ša-lim-a-šùr-ma a-na šu-be-lim KÙ.BABBAR ša GÁN-lim a-na-ku pá-ḫu-ra-am qá-bi-a-ku mì-šu-um iš-tí DUMU da-da KÙ.BABBAR i ḫa-ḫi-im tal-qé um-ma šu-be-lúm-ma ke-na al-qé ù en-na-sú-in iš-a-al-ma um-ma šu-ut-ma mì-šu-ú i tí-me-el-ki-a KÙ.BABBAR tal-qé um-ma šu-ut-ma šu-ma al-qé a-da-gal-šu lá i-ba-ší ,"Šalim-Aššur seized us and said to Šu-Bēlum and Enna-Suen: I have paid some 1 or 2 talents of silver for your father's debt out of my joint-stock capital. Come on, look at the tablets concerning your father's debt and pay me my silver."" They said: ""Our father's tablets and copies were sealed with the seals of Šu-Illil, Amur-Ištar and Šu-Anum, and they are in the City. If indeed you can establish anything as owed by our father, will you refuse to take the full amount in the City?"" Šalim-Aššur answered Šu-Bēlum: ""I have personally promised to collect the silver that is abroad. Why have you taken silver from Dada's son in hahhum?"" Šu-Bēlum answered: ""Yes, I took it."" So he asked Enna-Suen, saying: ""Why have you taken silver in Timel-kiya?"" He answered: ""I shall look whether I took any, but there is nothing."" § "
40,42,42,,1161,1,a-na a-wa-tim a-ni-a-tim kà-ru-um kà-ni-iš i-dí-ni-a-tí-ma IGI GÍR ša a-šùr ší-bu-tí-ni ni-dí-in ,The Kanesh colony gave us for these proceedings and we gave our testimony before Aššur's dagger. ,a-na a-wa-tim a-ni-a-tim kà-ru-um kà-ni-iš i-dí-ni-a-tí-ma IGI GÍR ša a-šùr ší-bu-tí-ni ni-dí-in ,The Kanesh colony gave us for these proceedings and we gave our testimony before Aššur's dagger. 
41,43,43,,1167,0,ṭup-pá-am ša a-lim{ki} ú ra-bi-ṣa-am ša be-li-a lá ú-na-aḫ ,I shall not obstruct the tablet from the City and the attorney of my lord. ,ṭup-pá-am ša a-lim{ki} ú ra-bi-ṣa-am ša be-li-a lá ú-na-aḫ ,I shall not obstruct the tablet from the City and the attorney of my lord. 
42,44,44,,1167,1,a-na a-wa-tim a-ni-a-tim kà-ru-um kà-ni-iš i-dí-ni-a-tí-ma IGI GÍR ša a-šùr ší-bu-tí-ni ni-dí-in ,The Kanesh colony gave us for these proceedings and we gave our testimony before Aššur's dagger. ,a-na a-wa-tim a-ni-a-tim kà-ru-um kà-ni-iš i-dí-ni-a-tí-ma IGI GÍR ša a-šùr ší-bu-tí-ni ni-dí-in ,The Kanesh colony gave us for these proceedings and we gave our testimony before Aššur's dagger. 
43,45,45,,1210,0,i-nu-mì i-dí-a-bu-um a-na mu-a-tim ta-ad-nu-ma É a-šùr-be-el-a-wa-tim wa-áš-bu ša ki-ma ili₅-ba-ni ÌR ù DAM.GÀR-ru-šu e-ru-bu-ma um-ma ša ki-ma ili₅-ba-ni-ma ni-kà-sí iš-tí-ni ší-sí um-ma i-dí-a-bu-um-ma ṭup-pí-ku-nu kà-i-lá ù ṭup-pu-a lá-pu-tù-ma i-ba-ší-ú ša-lim-a-šùr a-ḫi li-li-kam-ma iš-tí-šu ší-sí-a ù am-ma ša ki-ma i-a-tí šu-{d}EN.LÍL ù a-mur-IŠTAR i-ša-ḫa-at a-ḫi-a li-zi-zu a-dí a-ḫi i-lá-kà-ni ma-ma-an ṭup-pí-a lá i-pá-té ,"When Iddin-abum was dying and was staying in Aššur-bēl-awātim's house, the representatives of Ilī-bāni, Wardum and his customers, came in(to the house) and Ilī-bāni's representatives said: Settle accounts with us!"" - but Iddin-abum answered: ""Keep your tablets, for my tablets are written and available. Let my brother Šalim-Aššur come, and then settle with him. Then my own representatives, Šu-Illil and Amur-Ištar may assist my brother. Until my brother arrives no one may open my tablets."" ",i-nu-mì i-dí-a-bu-um a-na mu-a-tim ta-ad-nu-ma É a-šùr-be-el-a-wa-tim wa-áš-bu ša ki-ma ili₅-ba-ni ÌR ù DAM.GÀR-ru-šu e-ru-bu-ma um-ma ša ki-ma ili₅-ba-ni-ma ni-kà-sí iš-tí-ni ší-sí um-ma i-dí-a-bu-um-ma ṭup-pí-ku-nu kà-i-lá ù ṭup-pu-a lá-pu-tù-ma i-ba-ší-ú ša-lim-a-šùr a-ḫi li-li-kam-ma iš-tí-šu ší-sí-a ù am-ma ša ki-ma i-a-tí šu-{d}EN.LÍL ù a-mur-IŠTAR i-ša-ḫa-at a-ḫi-a li-zi-zu a-dí a-ḫi i-lá-kà-ni ma-ma-an ṭup-pí-a lá i-pá-té ,"When Iddin-abum was dying and was staying in Aššur-bēl-awātim's house, the representatives of Ilī-bāni, Wardum and his customers, came in(to the house) and Ilī-bāni's representatives said: Settle accounts with us!"" - but Iddin-abum answered: ""Keep your tablets, for my tablets are written and available. Let my brother Šalim-Aššur come, and then settle with him. Then my own representatives, Šu-Illil and Amur-Ištar may assist my brother. Until my brother arrives no one may open my tablets."" "
44,46,46,,1210,1,a-na a-wa-tim a-ni-a-tim kà-ru-um kà-ni-iš i-dí-ni-a-tí-ma IGI GÍR ša a-šùr i ba-áb DINGIR-lim ṭup-pá-am ni-dí-in ,"The Kanesh colony gave us for these proceedings, and we gave our testimony before Aššur's dagger in the Gate of the God. ",a-na a-wa-tim a-ni-a-tim kà-ru-um kà-ni-iš i-dí-ni-a-tí-ma IGI GÍR ša a-šùr i ba-áb DINGIR-lim ṭup-pá-am ni-dí-in ,"The Kanesh colony gave us for these proceedings, and we gave our testimony before Aššur's dagger in the Gate of the God. "
45,47,47,,1215,0,i-dí-a-bu-um É-tí ša bu-ri-im a-šar ša-lim-a-šùr wa-áš-bu iš-tí tù-ud-ḫa-li-a a-ḫu tù-li iš-a-am ,"Iddin-abum has bought the houses by the well, where Šalim-Aššur is living, from Tudhiliya the brother of Tuli. ",i-dí-a-bu-um É-tí ša bu-ri-im a-šar ša-lim-a-šùr wa-áš-bu iš-tí tù-ud-ḫa-li-a a-ḫu tù-li iš-a-am ,"Iddin-abum has bought the houses by the well, where Šalim-Aššur is living, from Tudhiliya the brother of Tuli. "
46,48,48,,1215,1,a-na a-wa-tim a-ni-a-tim kà-ru-um kà-ni-iš i-dí-ni-a-tí-ma ṭup-pá-am ší-bu-tí-ni IGI GÍR ša a-šùr ni-dí-in ,"The Kanesh colony gave us for these proceedings, and we gave a tablet with our testimony before the dagger of Aššur. ",a-na a-wa-tim a-ni-a-tim kà-ru-um kà-ni-iš i-dí-ni-a-tí-ma ṭup-pá-am ší-bu-tí-ni IGI GÍR ša a-šùr ni-dí-in ,"The Kanesh colony gave us for these proceedings, and we gave a tablet with our testimony before the dagger of Aššur. "
47,49,49,,1219,0,en-um-a-šùr a-na a-lá-ḫi-im iṣ-ba-at-ni-a-tí-ma ṭup-pá-am na-áš-pé-er-tám la pá-tí-tám ú-kà-li-im-šu-ma um-ma en-um-a-šùr-ma ṭup-pu-um a-num ku-nu-ku-kà-a lá ku-nu-ku-kà-a a-lá-ḫu-um iš-ta-al-ma e-pu-ul-šu um-ma a-lá-ḫu-um-ma ke-na ku-nu-ku-a a-na ša ki-ma a-bi₄-ni ša ki-ma i-a-tí ú ku-a-tí ú-šé-bi₄-il₅-kà-ma mì-šu-um lá tù-kà-li-im-ší-ma a-dí u₄-mì-im a-nim tù-kà-il₅-ší na-áš-pé-er-tám lá pá-tí-tám en-um-a-šur a qá-tí-ni iš-ku-un ,"Ennam-Aššur seized us against Ali-ahum and showed him a missive that was not opened, and Ennam-Aššur said: Is this tablet under your seal or not?"" Ali-ahum answered, having investigated it, saying: ""Yes, it is my seal. I sent it with you to our father's representatives and my own and yours, so why have you not shown it but kept it until today?"" Ennam-Aššur placed the unopened missive in our hands. ",en-um-a-šùr a-na a-lá-ḫi-im iṣ-ba-at-ni-a-tí-ma ṭup-pá-am na-áš-pé-er-tám la pá-tí-tám ú-kà-li-im-šu-ma um-ma en-um-a-šùr-ma ṭup-pu-um a-num ku-nu-ku-kà-a lá ku-nu-ku-kà-a a-lá-ḫu-um iš-ta-al-ma e-pu-ul-šu um-ma a-lá-ḫu-um-ma ke-na ku-nu-ku-a a-na ša ki-ma a-bi₄-ni ša ki-ma i-a-tí ú ku-a-tí ú-šé-bi₄-il₅-kà-ma mì-šu-um lá tù-kà-li-im-ší-ma a-dí u₄-mì-im a-nim tù-kà-il₅-ší na-áš-pé-er-tám lá pá-tí-tám en-um-a-šur a qá-tí-ni iš-ku-un ,"Ennam-Aššur seized us against Ali-ahum and showed him a missive that was not opened, and Ennam-Aššur said: Is this tablet under your seal or not?"" Ali-ahum answered, having investigated it, saying: ""Yes, it is my seal. I sent it with you to our father's representatives and my own and yours, so why have you not shown it but kept it until today?"" Ennam-Aššur placed the unopened missive in our hands. "
48,50,50,,1219,1,a-na a-wa-tim a-ni-a-tim kà-ru-um kà-ni-iš i-dí-in-ni-a-tí-ma IGI GÍR ša a-šur ší-bu-tí-ni ni-dí-in ,The Kanesh colony gave us for these proceedings and we gave our testimony before Aššur's dagger. ,a-na a-wa-tim a-ni-a-tim kà-ru-um kà-ni-iš i-dí-in-ni-a-tí-ma IGI GÍR ša a-šur ší-bu-tí-ni ni-dí-in ,The Kanesh colony gave us for these proceedings and we gave our testimony before Aššur's dagger. 
49,51,51,,1223,0,i-nu-mì i-dí-a-bu-um a-na mu-a-tim ta-ad-nu-ma É a-šùr-bé-el-a-wa-tim wa-áš-bu ša ki-ma ili₅-ba-ni ÌR ù tám-kà-ru-šu e-ru-bu-ma um-ma ša ki-ma ili₅-ba-ni-ma ni-kà-sí iš-tí-ni ší-sí-ma um-ma i-dí-a-bu-um-ma ṭup-pí-ku-nu kà-i-lá ù ṭup-pu-a lá-pu-tù-ma i-ba-ší-ú ša-lim-a-šur a-ḫi li-li-kam-ma iš-tí-šu ší-sí-a ù am-ma ša ki-ma i-a-tí šu-{d}EN.LÍL ù a-mur-IŠTAR i-ša-ḫa-at a-ḫi-a li-zi-zu a-dí a-ḫi-i i-lá-kà-ni ma-ma-an ṭup-pí-a lá i-pá-té ,"When Iddin-abum was dying and was staying in Aššur-bēl-awātim's house, the representatives of Ilī-bāni, Wardum and his customers, came in(to the house) and Ilī-bāni's representatives said: Settle accounts with us!"" - but Iddin-abum answered: ""Hold your tablets ready, for my tablets are written and available. Let my brother Šalim-Aššur come, and then settle with him. Then my own representatives, Šu-Illil and Amur-Ištar may assist my brother. Until my brother arrives no one may open my tablets."" ",i-nu-mì i-dí-a-bu-um a-na mu-a-tim ta-ad-nu-ma É a-šùr-bé-el-a-wa-tim wa-áš-bu ša ki-ma ili₅-ba-ni ÌR ù tám-kà-ru-šu e-ru-bu-ma um-ma ša ki-ma ili₅-ba-ni-ma ni-kà-sí iš-tí-ni ší-sí-ma um-ma i-dí-a-bu-um-ma ṭup-pí-ku-nu kà-i-lá ù ṭup-pu-a lá-pu-tù-ma i-ba-ší-ú ša-lim-a-šur a-ḫi li-li-kam-ma iš-tí-šu ší-sí-a ù am-ma ša ki-ma i-a-tí šu-{d}EN.LÍL ù a-mur-IŠTAR i-ša-ḫa-at a-ḫi-a li-zi-zu a-dí a-ḫi-i i-lá-kà-ni ma-ma-an ṭup-pí-a lá i-pá-té ,"When Iddin-abum was dying and was staying in Aššur-bēl-awātim's house, the representatives of Ilī-bāni, Wardum and his customers, came in(to the house) and Ilī-bāni's representatives said: Settle accounts with us!"" - but Iddin-abum answered: ""Hold your tablets ready, for my tablets are written and available. Let my brother Šalim-Aššur come, and then settle with him. Then my own representatives, Šu-Illil and Amur-Ištar may assist my brother. Until my brother arrives no one may open my tablets."" "
50,52,52,,1223,1,a-na a-wa-tim a-ni-a-tim kà-ru-um kà-ni-iš i-dí-ni-a-tí-ma IGI GÍR ša a-šùr ba-áb DINGIR-lim ší-bu-tí-ni ni-dí-in ,"The Kanesh colony gave us for these proceedings, and we gave our testimony before Aššur's dagger in the Gate of the God. ",a-na a-wa-tim a-ni-a-tim kà-ru-um kà-ni-iš i-dí-ni-a-tí-ma IGI GÍR ša a-šùr ba-áb DINGIR-lim ší-bu-tí-ni ni-dí-in ,"The Kanesh colony gave us for these proceedings, and we gave our testimony before Aššur's dagger in the Gate of the God. "
51,53,53,,1253,0,i-dí-a-bu-um É-tí ša bu-ri-im a-šar ša-lim-a-šùr wa-áš-bu iš-tí tù-ud-ḫa-li-a a-ḫu tù-li iš-a-am ,"Iddin-abum has bought the houses by the well, where Šalim-Aššur is living, from Tudhaliya the brother of Tuli. ",i-dí-a-bu-um É-tí ša bu-ri-im a-šar ša-lim-a-šùr wa-áš-bu iš-tí tù-ud-ḫa-li-a a-ḫu tù-li iš-a-am ,"Iddin-abum has bought the houses by the well, where Šalim-Aššur is living, from Tudhaliya the brother of Tuli. "
52,54,54,,1253,1,a-na a-wa-tim a-ni-a-tim kà-ru-um kà-ni-iš i-dí-ni-a-tí-ma ṭup-pá-am ší-bu-tí-ni IGI GÍR ša a-šùr ni-dí-in ,"The Kanesh colony gave us for these proceedings, and we gave a tablet with our testimony before the dagger of Aššur. ",a-na a-wa-tim a-ni-a-tim kà-ru-um kà-ni-iš i-dí-ni-a-tí-ma ṭup-pá-am ší-bu-tí-ni IGI GÍR ša a-šùr ni-dí-in ,"The Kanesh colony gave us for these proceedings, and we gave a tablet with our testimony before the dagger of Aššur. "
53,55,55,,1261,0,ra-bi-ṣú-um ša ša-lim-a-šùr a-na en-um-a-šùr ú a-lá-ḫi-im me-er-e ša-lim-a-šùr iṣ-ba-at-ni-a-tí-ma um-ma ra-bi-ṣú-ma ṭup-pá-am ša a-bu-ku-nu KÙ.BABBAR i-na li-bi-ku-nu i-dí-ú-ni-ma ṭup-pá-am um-me-a-nu a-bi-ku-nu ú-kà-i-lu-ni-ma i-na ma-ḫa-ar kà-ri-im um-me-a-nu iš-ku-nu-šu-ni kà-ru-um i-a-tí ip-qí-id-šu ba-a-nim a ma-lá ṭup-pí-im ša a-lim{ki} KÙ.BABBAR ma-lá i-na li-bi-ku-nu <gap>-ma tí-ni <gap> KÙ.BABBAR šu-uq-lá-ma ku-un-kà-ma a-na a-lim{ki} al-kà lá tù-na-a-ni um-ma a-lá-ḫu-um-ma ba-a-am ma-lá a-bu-ni i-na li-bi-ni KÙ.BABBAR i-dí-ú-ni lu ni-iš-qú-ul-ma ú iš-té-e ra-bi-ṣí-im lá-li-kà um-ma en-um-a-šùr-ma a-na ra-bi-ṣí-im-ma a-na pu-tí-a-ma ša-lá-ni-ma ú lá-pu-ul-kà-ma ú a-pu-tí-a-ma lá-li-ik ,"Šalim-Aššur's attorney seized us against Ennam-Aššur and Ali-ahum, Šalim-Aššur's sons, and the attorney said: Your father's investors kept the tablet stating which silver your father set down as owed by you, and the investors placed it in front of the colony. The colony entrusted it to me. Come, in accordance with the tablet of the City pay the silver for which you were noted in the tablet, seal it and go to the City. Do not cheat me."" Ali-ahum answered: ""Come, let us pay what silver our father set down as owed by us and then let me go with the attorney."" Ennam-Aššur answered the attorney: ""Question me right here, and then I shall answer you and I shall leave right now."" ",ra-bi-ṣú-um ša ša-lim-a-šùr a-na en-um-a-šùr ú a-lá-ḫi-im me-er-e ša-lim-a-šùr iṣ-ba-at-ni-a-tí-ma um-ma ra-bi-ṣú-ma ṭup-pá-am ša a-bu-ku-nu KÙ.BABBAR i-na li-bi-ku-nu i-dí-ú-ni-ma ṭup-pá-am um-me-a-nu a-bi-ku-nu ú-kà-i-lu-ni-ma i-na ma-ḫa-ar kà-ri-im um-me-a-nu iš-ku-nu-šu-ni kà-ru-um i-a-tí ip-qí-id-šu ba-a-nim a ma-lá ṭup-pí-im ša a-lim{ki} KÙ.BABBAR ma-lá i-na li-bi-ku-nu <gap>-ma tí-ni <gap> KÙ.BABBAR šu-uq-lá-ma ku-un-kà-ma a-na a-lim{ki} al-kà lá tù-na-a-ni um-ma a-lá-ḫu-um-ma ba-a-am ma-lá a-bu-ni i-na li-bi-ni KÙ.BABBAR i-dí-ú-ni lu ni-iš-qú-ul-ma ú iš-té-e ra-bi-ṣí-im lá-li-kà um-ma en-um-a-šùr-ma a-na ra-bi-ṣí-im-ma a-na pu-tí-a-ma ša-lá-ni-ma ú lá-pu-ul-kà-ma ú a-pu-tí-a-ma lá-li-ik ,"Šalim-Aššur's attorney seized us against Ennam-Aššur and Ali-ahum, Šalim-Aššur's sons, and the attorney said: Your father's investors kept the tablet stating which silver your father set down as owed by you, and the investors placed it in front of the colony. The colony entrusted it to me. Come, in accordance with the tablet of the City pay the silver for which you were noted in the tablet, seal it and go to the City. Do not cheat me."" Ali-ahum answered: ""Come, let us pay what silver our father set down as owed by us and then let me go with the attorney."" Ennam-Aššur answered the attorney: ""Question me right here, and then I shall answer you and I shall leave right now."" "
54,56,56,,1261,1,a-na a-wa-tim a-ni-a-tim kà-ru-um kà-ni-iš i-dí-ni-a-tí-ma IGI GÍR ša a-šùr ší-bu-tí-ni ni-dí-in ,The Kanesh colony gave us for these proceedings and we gave our testimony before Aššur's dagger. ,a-na a-wa-tim a-ni-a-tim kà-ru-um kà-ni-iš i-dí-ni-a-tí-ma IGI GÍR ša a-šùr ší-bu-tí-ni ni-dí-in ,The Kanesh colony gave us for these proceedings and we gave our testimony before Aššur's dagger. 
55,57,57,,1276,0,dan-a-šùr sí-ki e-na-sú-in DUMU i-dí-a-bi₄-im ú-kà-al-ma a-na ḫa-nu DUMU i-tur₄-DINGIR a-na qá-ta-tim i-dí-šu um-ma dan-a-šùr-ma a-wi-lam tù-ta-ra-am šu-ma a-wi-lam lá tù-ta-e-ra-am a-na 12 ma-na KÙ.BABBAR ù ṣí-ba-tí-šu ša ṭup-pì-im ḫa-ar-mì-im ša ḫu-bu-ul a-bi-šu ta-za-za-am um-ma e-na-sú-in-ma ša a-na ma-nim ḫa-bu-lu um-ma dan-a-šùr-ma lu a-na a-bi-a lu a-na DAM.GÀR-ri-im ḫa-bu-ul ù šu-ma ṭup-pá-am ša ša-ba-e tí-šu bi-lam-ma ṭup-pá-am du-uk ,"Dan-Aššur detains Enna-Suen son of Iddin-abum and he gave him to hanu son of Itūr-ilī as guarantor. Dan-Aššur said: You will return the man. If you have not returned the man you will be responsible for 12 minas of silver and its interest in accordance with the certified tablet concerning his father's debt."" Enna-Suen said: ""For his debt to whom?"" Dan-Aššur said: ""He is indebted either to my father or anonymously. But if you have a quittance, then bring it and invalidate the tablet."" ",dan-a-šùr sí-ki e-na-sú-in DUMU i-dí-a-bi₄-im ú-kà-al-ma a-na ḫa-nu DUMU i-tur₄-DINGIR a-na qá-ta-tim i-dí-šu um-ma dan-a-šùr-ma a-wi-lam tù-ta-ra-am šu-ma a-wi-lam lá tù-ta-e-ra-am a-na 12 ma-na KÙ.BABBAR ù ṣí-ba-tí-šu ša ṭup-pì-im ḫa-ar-mì-im ša ḫu-bu-ul a-bi-šu ta-za-za-am um-ma e-na-sú-in-ma ša a-na ma-nim ḫa-bu-lu um-ma dan-a-šùr-ma lu a-na a-bi-a lu a-na DAM.GÀR-ri-im ḫa-bu-ul ù šu-ma ṭup-pá-am ša ša-ba-e tí-šu bi-lam-ma ṭup-pá-am du-uk ,"Dan-Aššur detains Enna-Suen son of Iddin-abum and he gave him to hanu son of Itūr-ilī as guarantor. Dan-Aššur said: You will return the man. If you have not returned the man you will be responsible for 12 minas of silver and its interest in accordance with the certified tablet concerning his father's debt."" Enna-Suen said: ""For his debt to whom?"" Dan-Aššur said: ""He is indebted either to my father or anonymously. But if you have a quittance, then bring it and invalidate the tablet."" "
56,58,58,,1276,1,a-na a-wa-tim a-ni-a-tim kà-ru-um kà-ni-ìš i-dí-ni-a-tí-ma ší-bu-tí-ni IGI GÍR ša a-šùr ni-dí-in ,The Kanesh colony gave us for these proceedings and we gave our testimony before Aššur's dagger.,a-na a-wa-tim a-ni-a-tim kà-ru-um kà-ni-ìš i-dí-ni-a-tí-ma ší-bu-tí-ni IGI GÍR ša a-šùr ni-dí-in ,The Kanesh colony gave us for these proceedings and we gave our testimony before Aššur's dagger.
57,59,59,,1296,0,i-sú-rik₁₃ a-na a-lim{ki} i-lá-ak-ma É-tí-šu ša bu-ri-im a-šar a-ni-i ša-lim-a-šùr wa-áš-bu-ni a-na tù-ud-ḫa-li-a a-ḫu tù-li a-na ší-mì-im i-dí-šu-nu ,"As Issu-arik will go to the City, he sold his houses by the well, where at present Šalim-Aššur is living, to Tudhaliya the brother of Tuli. ",i-sú-rik₁₃ a-na a-lim{ki} i-lá-ak-ma É-tí-šu ša bu-ri-im a-šar a-ni-i ša-lim-a-šùr wa-áš-bu-ni a-na tù-ud-ḫa-li-a a-ḫu tù-li a-na ší-mì-im i-dí-šu-nu ,"As Issu-arik will go to the City, he sold his houses by the well, where at present Šalim-Aššur is living, to Tudhaliya the brother of Tuli. "
58,60,60,,1296,1,a-na a-wa-tim a-ni-a-tim kà-ru-um kà-ni-iš i-dí-ni-a-tí-ma ṭup-pá-am ší-bu-tí-ni IGI GÍR ša a-šùr ni-dí-in ,"The Kanesh colony gave us for these proceedings, and we gave a tablet with our testimony before the dagger of Aššur. ",a-na a-wa-tim a-ni-a-tim kà-ru-um kà-ni-iš i-dí-ni-a-tí-ma ṭup-pá-am ší-bu-tí-ni IGI GÍR ša a-šùr ni-dí-in ,"The Kanesh colony gave us for these proceedings, and we gave a tablet with our testimony before the dagger of Aššur. "
59,61,61,,1328,0,a-na É šál-ma-a-šùr a-na a-wa-tim né-ru-ub-ma um-ma šál-ma-a-šùr-ma i-a-tí a-na bu-ru-uš-ḫa-dim i-na ma-ak-sú-e-im a-na ḫu-bu-ul ÌR a-bu-ša-lim ša-qá-lim i-ra-de₈-ú-ni a-ta 30 TÚG ku-ta-ni ù ANŠE ṣa-lá-ma-am ša ÌR ta-lá-qé-e um-ma šu-be-lúm-ma ke-na ša ÌR-dí-a a-bu-ša-lim al-qé ša-lim-a-šur ša ni-iš a-lim{ki} úz-na-tí-ni il₅-pu-ut um-ma ša-lim-a-šur-ma a-šar ÌR a-na ÌR-dí-kà lá i-tù-ru-ú ma-a a-na ÌR-dí-a i-tù-wa-ar um-ma šu-be-lúm-ma šu-ma a-na ku-a-im i-tù-a-ar a-na TÚG.ḪI.A ù ANŠE.ḪI.A a-za-za-kum ,"We entered Šalim-Aššur's house to settle the case, and Šalim-Aššur said: While they are going to lead me personally to Burušhaddum in fetters to pay the debt of the slave Abu-šalim, will you on the other hand take 30 -textiles and a black donkey from the slave?""Šu-Bēlum answered: ""Yes, I have taken what belongs to my slave Abu-šalim."" Šalim-Aššur impressed on us what had been sworn by the City, and Šalim-Aššur said: ""In case the slave does not raise claim against your slave, then, will he raise claims against my slave?"" Šu-Bēlum answered: ""If he raises claim against yours, then I guarantee for the textiles and the donkey for you."" ",a-na É šál-ma-a-šùr a-na a-wa-tim né-ru-ub-ma um-ma šál-ma-a-šùr-ma i-a-tí a-na bu-ru-uš-ḫa-dim i-na ma-ak-sú-e-im a-na ḫu-bu-ul ÌR a-bu-ša-lim ša-qá-lim i-ra-de₈-ú-ni a-ta 30 TÚG ku-ta-ni ù ANŠE ṣa-lá-ma-am ša ÌR ta-lá-qé-e um-ma šu-be-lúm-ma ke-na ša ÌR-dí-a a-bu-ša-lim al-qé ša-lim-a-šur ša ni-iš a-lim{ki} úz-na-tí-ni il₅-pu-ut um-ma ša-lim-a-šur-ma a-šar ÌR a-na ÌR-dí-kà lá i-tù-ru-ú ma-a a-na ÌR-dí-a i-tù-wa-ar um-ma šu-be-lúm-ma šu-ma a-na ku-a-im i-tù-a-ar a-na TÚG.ḪI.A ù ANŠE.ḪI.A a-za-za-kum ,"We entered Šalim-Aššur's house to settle the case, and Šalim-Aššur said: While they are going to lead me personally to Burušhaddum in fetters to pay the debt of the slave Abu-šalim, will you on the other hand take 30 -textiles and a black donkey from the slave?""Šu-Bēlum answered: ""Yes, I have taken what belongs to my slave Abu-šalim."" Šalim-Aššur impressed on us what had been sworn by the City, and Šalim-Aššur said: ""In case the slave does not raise claim against your slave, then, will he raise claims against my slave?"" Šu-Bēlum answered: ""If he raises claim against yours, then I guarantee for the textiles and the donkey for you."" "
60,62,62,,1328,1,a-na a-wa-tim a-ni-a-tim kà-ru-um kà-ni-iš i-dí-ni-a-tí-ma IGI GÍR ša a-šùr ší-bu-tí-ni ni-dí-in ,"The Kanesh colony gave us for these proceedings, and we gave our testimony before Aššur's dagger. ",a-na a-wa-tim a-ni-a-tim kà-ru-um kà-ni-iš i-dí-ni-a-tí-ma IGI GÍR ša a-šùr ší-bu-tí-ni ni-dí-in ,"The Kanesh colony gave us for these proceedings, and we gave our testimony before Aššur's dagger. "
61,63,63,,1331,0,a-nu-pí-a ki-ma me-er-e šál-ma-a-šur a-na ga-al-ga-li-a ù ḫa-ar-šu-ma-an iṣ-ba-at-ni-a-tí-ma ṭup-pá-am ša 10 ma-na KÙ.BABBAR ša ḫu-bu-li-šu-nu iš-me-ú um-ma a-nu-pí-a-ma ṭup-pu-um lá ku-nu-ku-kà-a um-ma ga-al-ga-li-a-ma ku-nu-ku-a a-ma ḫa-ar-šu-um-nu-ma-an-ma ša-qí-il₅ KÙ.BABBAR-pì-im um-ma a-nu-pí-a-ma me-er-ú me-tim né-nu lu a-na šál-ma-a-šur KÙ.BABBAR ta-áš-qú-ul lu a-na me-er-e šál-ma-a-šur ta-áš-qú-ul a-na a-ni-e-ma ru-a-am um-ma ḫa-ar-šu-um-nu-ma-an-ma KÙ.BABBAR a-na-ku ša ṭup-pì-ni šál-ma-a-šur ú-ša-bi₄-i a-na i-id a-ša-kà-na-ku-nu-tí ,"Representing the sons of Šalim-Aššur Anupiya seized us against Galgaliya and haršumnuman, and they heard a tablet concerning 10 minas of silver, their debt. Anupiya said: Does the tablet not bear your seals?"" Galgaliya answered: ""They are my sealings. However, haršumnuman is the one who paid the silver."" Anupiya said: ""We are inheritors. Produce evidence for this, that you have either paid the silver to Šalim-Aššur or have paid to the sons of Šalim-Aššur."" haršumnuman said: ""I personally satisfied Šalim-Aššur with the silver of our tablet. I am willing to go to the River for you."" ",a-nu-pí-a ki-ma me-er-e šál-ma-a-šur a-na ga-al-ga-li-a ù ḫa-ar-šu-ma-an iṣ-ba-at-ni-a-tí-ma ṭup-pá-am ša 10 ma-na KÙ.BABBAR ša ḫu-bu-li-šu-nu iš-me-ú um-ma a-nu-pí-a-ma ṭup-pu-um lá ku-nu-ku-kà-a um-ma ga-al-ga-li-a-ma ku-nu-ku-a a-ma ḫa-ar-šu-um-nu-ma-an-ma ša-qí-il₅ KÙ.BABBAR-pì-im um-ma a-nu-pí-a-ma me-er-ú me-tim né-nu lu a-na šál-ma-a-šur KÙ.BABBAR ta-áš-qú-ul lu a-na me-er-e šál-ma-a-šur ta-áš-qú-ul a-na a-ni-e-ma ru-a-am um-ma ḫa-ar-šu-um-nu-ma-an-ma KÙ.BABBAR a-na-ku ša ṭup-pì-ni šál-ma-a-šur ú-ša-bi₄-i a-na i-id a-ša-kà-na-ku-nu-tí ,"Representing the sons of Šalim-Aššur Anupiya seized us against Galgaliya and haršumnuman, and they heard a tablet concerning 10 minas of silver, their debt. Anupiya said: Does the tablet not bear your seals?"" Galgaliya answered: ""They are my sealings. However, haršumnuman is the one who paid the silver."" Anupiya said: ""We are inheritors. Produce evidence for this, that you have either paid the silver to Šalim-Aššur or have paid to the sons of Šalim-Aššur."" haršumnuman said: ""I personally satisfied Šalim-Aššur with the silver of our tablet. I am willing to go to the River for you."" "
62,64,64,,1331,1,a-na a-wa-tim a-ni-a-tim kà-ru-um kà-né-eš i-dí-ni-a-tí-ma IGI GÍR ša a-šur ší-bu-tí-ni ni-dí-in ,"The Kanesh colony gave us (as witnesses)for these proceedings, and we gave our testimony before Aššur's dagger. ",a-na a-wa-tim a-ni-a-tim kà-ru-um kà-né-eš i-dí-ni-a-tí-ma IGI GÍR ša a-šur ší-bu-tí-ni ni-dí-in ,"The Kanesh colony gave us (as witnesses)for these proceedings, and we gave our testimony before Aššur's dagger. "
63,65,65,,1332,0,É šál-ma-a-šùr a-na a-wa-tim né-ru-ub-ma um-ma šál-ma-a-šùr-ma i-a-tí a-na bu-ru-uš-ḫa-dim i-na ma-ak-sú-im a-na ḫu-bu-ul ÌR a-bu-ša-lim ša-qá-lim i-ra-de₈-ú-ni a-ta 30 TÚG ku-ta-ni ù ANŠE ṣa-lá-ma-am ša ÌR tal-qé um-ma šu-be-lúm-ma ke-na ša ÌR-dí-a a-bu-ša-lim al-qé ša-lim-a-šur ša ni-iš a-lim{ki} úz-na-tí-ni il₅-pu-ut um-ma šál-ma-a-šur-ma a-šar ÌR a-na wa-ar-dí-kà lá i-tù-ru ma-a a-na wa-ar-dí-a i-tù-ar um-ma šu-be-lúm-ma šu-ma a-na ku-a-im i-tù-ar a-na TÚG.ḪI.A ù ANŠE a-za-za-kum,"We entered Šalim-Aššur's house to settle the case, and Šalim-Aššur said: While they are going to lead me to Burušhaddum in fetters in order to pay the debt of the slave Abu-šalim, you on the other hand have taken 30 -textiles and a black donkey from the slave."" Šu-Bēlum answered: ""Yes, I have taken what belongs to my slave Abu-šalim."" Šalim-Aššur impressed on us what was sworn by the City, and Šalim-Aššur said: ""In case the slave does not raise claim against your slave, will he then raise claim against my slave?"" Šu-Bēlum answered: ""If he raises claim against yours, I shall guarantee for the textiles and the donkey."" ",É šál-ma-a-šùr a-na a-wa-tim né-ru-ub-ma um-ma šál-ma-a-šùr-ma i-a-tí a-na bu-ru-uš-ḫa-dim i-na ma-ak-sú-im a-na ḫu-bu-ul ÌR a-bu-ša-lim ša-qá-lim i-ra-de₈-ú-ni a-ta 30 TÚG ku-ta-ni ù ANŠE ṣa-lá-ma-am ša ÌR tal-qé um-ma šu-be-lúm-ma ke-na ša ÌR-dí-a a-bu-ša-lim al-qé ša-lim-a-šur ša ni-iš a-lim{ki} úz-na-tí-ni il₅-pu-ut um-ma šál-ma-a-šur-ma a-šar ÌR a-na wa-ar-dí-kà lá i-tù-ru ma-a a-na wa-ar-dí-a i-tù-ar um-ma šu-be-lúm-ma šu-ma a-na ku-a-im i-tù-ar a-na TÚG.ḪI.A ù ANŠE a-za-za-kum,"We entered Šalim-Aššur's house to settle the case, and Šalim-Aššur said: While they are going to lead me to Burušhaddum in fetters in order to pay the debt of the slave Abu-šalim, you on the other hand have taken 30 -textiles and a black donkey from the slave."" Šu-Bēlum answered: ""Yes, I have taken what belongs to my slave Abu-šalim."" Šalim-Aššur impressed on us what was sworn by the City, and Šalim-Aššur said: ""In case the slave does not raise claim against your slave, will he then raise claim against my slave?"" Šu-Bēlum answered: ""If he raises claim against yours, I shall guarantee for the textiles and the donkey."" "
64,66,66,,1332,1, a-na a-wa-tim a-ni-a-tim kà-ru-um kà-né-eš i-dí-ni-a-tí-ma IGI GÍR ša a-šur ší-bu-tí-ni ni-dí-in ,The Kanesh colony gave us for these proceedings and we gave our testimony before Aššur's dagger. , a-na a-wa-tim a-ni-a-tim kà-ru-um kà-né-eš i-dí-ni-a-tí-ma IGI GÍR ša a-šur ší-bu-tí-ni ni-dí-in ,The Kanesh colony gave us for these proceedings and we gave our testimony before Aššur's dagger. 
65,67,67,,1347,0,i-na ḫa-ra-nim ni-lá-ak-ma um-ma da-da-a-ma a-na a-šur-na-da-ma ṭup-pu-um ša ḫu-bu-li-kà É wa-áb-ri-a i-ba-ší ù qá-dí ṭup-pí-kà ša KÙ.BABBAR 10 ma-na ṭup-pu-ú ša e-ri-ší-im É wa-áb-ri-a i-ba-ší KÙ.BABBAR 0.5 ma-na dí-na-ma ṭup-pá-kà du-uk um-ma a-šur-na-da-ma <gap> ša me-er-ú i-a-a ù me-er-ú e-ri-ší-im lá i-ma-ḫu-ru-ni-ni ṭup-pá-am ša ku-nu-ki-kà ta-da-nam ù KÙ.BABBAR 0.5 ma-na lá-dí-na-ku-um ,"We will go on a trip and Dadaya said as follows to Aššur-nādā: The tablet concerning your debt is in my guest-house and together with your tablet concerning some 10 minas of silver the tablets concerning Erišum are in my guest-house. Give me at least 0.5 mina of silver and invalidate your tablet."" Aššur-nādā answered: ""As the sons of Yaya and the sons of Erišum do not approach me <gap> give me the tablet under your seal, then I shall give you at least 0.5 mina of silver."" ",i-na ḫa-ra-nim ni-lá-ak-ma um-ma da-da-a-ma a-na a-šur-na-da-ma ṭup-pu-um ša ḫu-bu-li-kà É wa-áb-ri-a i-ba-ší ù qá-dí ṭup-pí-kà ša KÙ.BABBAR 10 ma-na ṭup-pu-ú ša e-ri-ší-im É wa-áb-ri-a i-ba-ší KÙ.BABBAR 0.5 ma-na dí-na-ma ṭup-pá-kà du-uk um-ma a-šur-na-da-ma <gap> ša me-er-ú i-a-a ù me-er-ú e-ri-ší-im lá i-ma-ḫu-ru-ni-ni ṭup-pá-am ša ku-nu-ki-kà ta-da-nam ù KÙ.BABBAR 0.5 ma-na lá-dí-na-ku-um ,"We will go on a trip and Dadaya said as follows to Aššur-nādā: The tablet concerning your debt is in my guest-house and together with your tablet concerning some 10 minas of silver the tablets concerning Erišum are in my guest-house. Give me at least 0.5 mina of silver and invalidate your tablet."" Aššur-nādā answered: ""As the sons of Yaya and the sons of Erišum do not approach me <gap> give me the tablet under your seal, then I shall give you at least 0.5 mina of silver."" "
66,68,68,,1347,1,a-na a-wa-tim a-ni-a-tim kà-ru-um kà-ni-iš i-dì-ni-a-tí-ma IGI GÍR ša a-šùr ší-bu-tí-ni ni-dí-in ,The Kanesh colony gave us for these proceedings and we gave our testimony before Aššur's dagger. ,a-na a-wa-tim a-ni-a-tim kà-ru-um kà-ni-iš i-dì-ni-a-tí-ma IGI GÍR ša a-šùr ší-bu-tí-ni ni-dí-in ,The Kanesh colony gave us for these proceedings and we gave our testimony before Aššur's dagger. 
